,Accuracy,Accuracy,Accuracy,Accuracy,Accuracy,Accuracy,Accuracy,Accuracy,Accuracy,Accuracy,Accuracy,Accuracy,Accuracy,Accuracy,Accuracy,Accuracy,Accuracy,Accuracy,Accuracy,Accuracy,Accuracy,Accuracy,Accuracy,Accuracy,Accuracy,Accuracy,Accuracy,Accuracy,Accuracy,Accuracy,Run Time,Run Time,Run Time,Run Time,Run Time,Run Time,Run Time,Run Time,Run Time,Run Time,Run Time,Run Time,Run Time,Run Time,Run Time,Run Time,Run Time,Run Time,Run Time,Run Time,Run Time,Run Time,Run Time,Run Time,Run Time,Run Time,Run Time,Run Time,Run Time,Run Time
,0,1,2,3,4,5,6,7,8,9,10,11,12,13,14,15,16,17,18,19,20,21,22,23,24,25,26,27,28,29,0,1,2,3,4,5,6,7,8,9,10,11,12,13,14,15,16,17,18,19,20,21,22,23,24,25,26,27,28,29
Adiac,0.5140664961636828,0.5,0.4974619289340101,0.5279187817258884,0.5025380710659898,0.5406091370558376,0.5329949238578681,0.4847715736040609,0.5025380710659898,0.5431472081218274,0.5329949238578681,0.5913705583756346,0.5583756345177665,0.5482233502538071,0.5329949238578681,0.5431472081218274,0.5380710659898477,0.5532994923857868,0.5101522842639594,0.5329949238578681,0.5304568527918782,0.5583756345177665,0.4949238578680203,0.5177664974619289,0.550761421319797,0.5304568527918782,0.5710659898477157,0.5380710659898477,0.5152284263959391,0.550761421319797,64.30705690383911,63.37055969238281,63.726608991622925,63.28977584838867,66.09826564788818,66.10923838615417,68.12185645103455,43.06984043121338,43.03194189071655,43.58346772193909,43.22941327095032,45.79455637931824,46.41090798377991,49.02691197395325,44.20380902290344,43.978410959243774,43.01698160171509,44.613712787628174,46.75698256492615,47.36435770988464,48.50430989265442,43.7739577293396,43.801883697509766,44.63964295387268,44.49702501296997,42.055551290512085,41.14797902107239,38.35843706130981,26.670717000961304,26.4712233543396
ArrowHead,0.6971428571428572,0.8342857142857143,0.7714285714285715,0.8057142857142857,0.7657142857142857,0.7771428571428571,0.7142857142857143,0.7885714285714286,0.7942857142857143,0.7657142857142857,0.8285714285714286,0.8171428571428572,0.7885714285714286,0.7942857142857143,0.84,0.6971428571428572,0.76,0.7542857142857143,0.8114285714285714,0.8,0.7485714285714286,0.7142857142857143,0.8,0.7828571428571428,0.7142857142857143,0.7714285714285715,0.7885714285714286,0.7771428571428571,0.8171428571428572,0.8171428571428572,48.56614565849304,49.27923846244812,49.13362693786621,48.798521995544434,49.34007453918457,50.67550468444824,49.21441102027893,35.89502501487732,31.81593108177185,31.908682823181152,32.13108801841736,32.14904069900513,31.881754636764526,32.73247981071472,32.46719026565552,32.367456912994385,32.266727685928345,32.7683846950531,33.35381865501404,32.878090381622314,33.454549074172974,32.050305128097534,31.962538957595825,31.822912454605103,31.984480381011963,31.507753372192383,30.946257829666138,30.453574419021606,20.93463110923767,20.80394506454468
Beef,0.6666666666666666,0.5333333333333333,0.5333333333333333,0.6666666666666666,0.5,0.7333333333333333,0.6333333333333333,0.6333333333333333,0.8,0.6666666666666666,0.6,0.6,0.6,0.6333333333333333,0.4,0.6666666666666666,0.6,0.7,0.7666666666666667,0.6333333333333333,0.5,0.6666666666666666,0.7,0.7,0.5,0.7333333333333333,0.6,0.6333333333333333,0.7,0.4333333333333333,64.08764314651489,62.87289023399353,63.01650834083557,64.44169497489929,63.065375089645386,64.46363854408264,63.3436324596405,47.86501884460449,47.87898206710816,47.6047158241272,48.01860904693604,47.79021954536438,48.55018663406372,47.68948841094971,47.74234771728516,47.80118989944458,47.66156315803528,48.040549516677856,48.20909881591797,48.31581497192383,48.32778143882752,48.26893949508667,48.099392890930176,48.11734509468079,47.98868846893311,47.8560426235199,47.72638964653015,47.83509874343872,31.59001207351685,31.71172070503235
BeetleFly,0.95,0.85,0.6,0.75,0.85,0.7,0.65,0.9,0.85,0.8,0.65,0.85,0.8,0.7,0.75,0.95,0.75,0.8,0.8,0.85,0.8,0.8,0.7,0.65,0.8,0.65,0.75,0.7,0.8,0.7,64.38684463500977,64.08165788650513,64.58730483055115,64.0367796421051,63.84529137611389,64.30107378959656,64.51350474357605,48.52026700973511,48.21707773208618,48.6977927684784,48.52625107765198,48.64992094039917,49.05683255195618,48.698790550231934,48.91521096229553,49.14360237121582,49.4737184047699,48.57013392448425,48.57212948799133,49.00098133087158,49.266274213790894,48.72372245788574,48.31880497932434,48.34772777557373,48.5711305141449,48.5033130645752,48.457435131073,48.02359580993652,31.98248052597046,32.10102891921997
BirdChicken,0.55,0.7,0.55,0.75,0.65,0.7,0.85,0.75,0.8,0.55,0.55,0.75,0.8,1.0,0.85,0.8,0.7,0.9,0.65,0.85,0.75,0.6,0.7,0.7,0.85,0.55,0.85,0.85,0.7,0.7,63.810383319854736,64.82068419456482,65.57566547393799,64.46862506866455,63.62687301635742,65.07998967170715,64.3798623085022,48.6399462223053,48.77658224105835,48.91421318054199,49.32511520385742,48.57113242149353,48.33177161216736,49.44679069519043,49.1615526676178,49.07677960395813,48.62897682189941,48.524256467819214,48.21907162666321,49.35104656219482,49.30716347694397,48.85537123680115,48.901248931884766,48.99100875854492,48.69679570198059,48.75763201713562,48.71474719047546,48.25198435783386,31.982120037078857,31.993343830108643
Car,0.7333333333333333,0.7,0.8,0.6166666666666667,0.8166666666666667,0.7666666666666667,0.7166666666666667,0.6666666666666666,0.75,0.7,0.7333333333333333,0.8,0.7166666666666667,0.7333333333333333,0.7666666666666667,0.6833333333333333,0.7333333333333333,0.7333333333333333,0.7833333333333333,0.7,0.65,0.7666666666666667,0.6833333333333333,0.7666666666666667,0.7333333333333333,0.75,0.6166666666666667,0.75,0.8166666666666667,0.7666666666666667,90.14198160171507,81.00640749931335,81.5758843421936,80.73213696479797,80.85281777381897,80.72316312789917,81.91198396682739,66.65477919578552,66.23390460014343,66.37552690505981,66.41741418838501,65.8359682559967,66.5470678806305,69.51413536071777,66.56302404403687,66.35657691955566,66.44234824180603,65.96761703491211,66.05039477348328,66.50817203521729,70.88646483421326,66.25983667373657,67.26714205741882,66.92705202102661,66.4662835597992,67.11056137084961,66.74852895736694,63.76487493515015,49.36710524559021,49.33569264411926
CBF,0.9544444444444444,0.9066666666666666,0.9333333333333332,0.8911111111111111,0.8977777777777778,0.9688888888888888,0.8944444444444445,0.9166666666666666,0.9577777777777776,0.9333333333333332,0.9844444444444445,0.9155555555555556,0.9211111111111112,0.9288888888888888,0.9533333333333334,0.9033333333333332,0.9322222222222222,0.9344444444444444,0.9288888888888888,0.9422222222222222,0.9433333333333334,0.9522222222222222,0.9422222222222222,0.8655555555555555,0.9266666666666666,0.9688888888888888,0.9288888888888888,0.9488888888888888,0.9388888888888888,0.9611111111111112,47.27759122848511,39.60709929466248,39.44154238700867,38.92093300819397,39.77066087722778,41.645646810531616,39.67292213439941,23.966917991638184,24.011796951293945,24.11152982711792,24.705941200256348,24.66704607009888,25.06099224090576,27.564298629760746,24.676021337509155,24.465583324432373,24.61318826675415,24.303019046783447,24.75381350517273,26.039376258850098,27.5722770690918,24.36385655403137,24.48353576660156,24.754811763763428,24.56432008743286,24.282074689865112,22.90974521636963,20.228911876678467,17.032461166381836,16.788642406463623
ChlorineConcentration,0.5869791666666667,0.5995834418120282,0.5847435563655298,0.596459255402239,0.6029679770892996,0.5662587867742775,0.5670398333767248,0.6045300702941943,0.5790158812809164,0.6081749544389482,0.5740692527987503,0.5665191356417599,0.5839625097630825,0.6032283259567821,0.5826607654256704,0.5868263473053892,0.5868263473053892,0.5678208799791721,0.6079146055714658,0.6144233272585264,0.5938557667274147,0.5675605311116897,0.5790158812809164,0.5948971621973445,0.5756313460036449,0.5764123926060921,0.5912522780525905,0.5904712314501432,0.568341577714137,0.5581879718823223,131.74573826789856,130.4272346496582,130.46217274665833,128.5762140750885,132.1297149658203,131.1124346256256,135.81087231636047,110.76583695411682,110.17940521240234,109.9141137599945,108.7971007823944,110.13552141189577,112.31469416618349,119.2172384262085,112.46928358078004,111.18272161483765,112.2408926486969,113.20531392097472,113.82366037368774,119.21025800704956,118.8133192062378,113.17838644981384,112.66874957084656,112.70964074134828,112.27779388427734,111.39016771316528,108.08500409126282,102.4819860458374,59.623581647872925,58.87560844421387
CinCECGTorso,0.7956521739130434,0.7869565217391304,0.841304347826087,0.782608695652174,0.8608695652173913,0.8876811594202898,0.7840579710144927,0.8666666666666667,0.7768115942028986,0.8289855072463768,0.8108695652173913,0.8347826086956521,0.813768115942029,0.8340579710144927,0.7818840579710145,0.8630434782608696,0.7514492753623189,0.8434782608695652,0.7695652173913043,0.8144927536231884,0.9,0.8028985507246377,0.7898550724637681,0.8942028985507247,0.8239130434782609,0.8210144927536231,0.8427536231884057,0.8166666666666667,0.8934782608695652,0.822463768115942,1269.7180273532867,1130.6688396930697,1129.540857076645,1134.11363196373,1131.942435503006,1138.0939900875092,1177.5774195194244,1122.5824644565582,1122.1296746730804,1120.1320159435272,1129.3493700027466,1139.5760276317596,1189.0946254730225,1276.6285772323608,1133.860309123993,1133.8652956485748,1132.752271413803,1143.3200163841248,1148.8931143283844,1202.4628810882568,1280.352620601654,1134.7918181419373,1134.0148961544037,1141.6943621635437,1137.3998453617096,1128.0897378921509,1059.6656894683838,1005.8914694786072,750.2590041160583,749.1459789276123
Coffee,0.9642857142857144,1.0,1.0,1.0,0.9642857142857144,1.0,1.0,1.0,1.0,1.0,0.9642857142857144,1.0,1.0,0.8928571428571429,0.9285714285714286,1.0,0.8214285714285714,0.9642857142857144,1.0,1.0,0.9642857142857144,1.0,0.9642857142857144,0.9285714285714286,1.0,1.0,0.9642857142857144,0.8928571428571429,0.9642857142857144,1.0,42.66193175315857,42.43952584266663,42.59511137008667,43.33313703536987,42.43852710723877,42.920239210128784,43.30421304702759,27.12447452545166,27.36283779144287,27.04767942428589,26.83424997329712,26.96390461921692,27.51443314552307,27.10452890396118,27.53138637542725,27.52640032768249,27.41070818901062,27.579259395599365,27.54734444618225,27.577264547348022,27.52340722084045,27.24016499519348,27.440629482269287,27.317957162857056,27.48650574684143,27.16037917137146,27.05565881729126,27.12746644020081,18.228782653808597,18.178268671035767
Computers,0.596,0.6,0.648,0.572,0.584,0.592,0.6,0.684,0.632,0.6,0.576,0.644,0.612,0.6,0.608,0.636,0.616,0.632,0.644,0.648,0.58,0.608,0.608,0.572,0.624,0.556,0.6,0.628,0.6,0.572,151.20770454406738,150.98031282424927,150.8396873474121,150.6482000350952,150.75291919708252,152.04147505760193,152.24891877174375,134.41560220718384,134.5492446422577,134.2640073299408,134.20915460586548,134.40862226486206,136.13301062583923,136.1270260810852,135.57450413703918,135.10775184631348,135.01500129699707,134.70682311058044,134.45050859451294,135.8846743106842,135.8796877861023,135.41991662979126,135.024973154068,135.02497363090515,134.8973126411438,134.850439786911,134.3208565711975,133.6805682182312,85.70937490463257,85.1558575630188
CricketX,0.6076923076923076,0.6616161616161617,0.6818181818181818,0.6313131313131313,0.6616161616161617,0.6717171717171717,0.6893939393939394,0.6666666666666666,0.6767676767676768,0.6464646464646465,0.6540404040404041,0.6767676767676768,0.6792929292929293,0.6666666666666666,0.6818181818181818,0.6540404040404041,0.6742424242424242,0.6742424242424242,0.6717171717171717,0.6666666666666666,0.6742424242424242,0.6767676767676768,0.6515151515151515,0.6843434343434344,0.6363636363636364,0.7045454545454546,0.6111111111111112,0.648989898989899,0.6590909090909091,0.6944444444444444,101.84967708587646,77.44492793083191,77.64738655090332,77.95855569839478,78.86014413833618,81.81324934959412,84.37140965461731,63.76749968528748,63.59595799446106,63.14715814590454,64.99421977996826,66.2957398891449,68.55469989776611,73.52939772605896,64.80073714256287,64.87154769897461,64.7957501411438,66.16010212898254,68.71925973892212,70.92336535453796,74.2375054359436,65.3183536529541,64.19136643409729,64.44169664382935,64.68504667282104,61.3350031375885,58.40683364868164,49.891599893569946,41.619736433029175,41.17392826080322
CricketY,0.6435897435897436,0.6262626262626263,0.6439393939393939,0.6414141414141414,0.6136363636363636,0.6186868686868687,0.6363636363636364,0.6414141414141414,0.6262626262626263,0.6212121212121212,0.6287878787878788,0.6136363636363636,0.5959595959595959,0.5757575757575758,0.6414141414141414,0.6237373737373737,0.5909090909090909,0.6363636363636364,0.6338383838383839,0.6338383838383839,0.6363636363636364,0.6616161616161617,0.6363636363636364,0.6439393939393939,0.6287878787878788,0.6212121212121212,0.5959595959595959,0.6414141414141414,0.6313131313131313,0.6338383838383839,98.1974413394928,77.15171122550964,77.58654928207397,77.6423990726471,79.67097496986389,79.98214411735535,80.8209023475647,63.47029376029968,63.0893120765686,62.92674779891968,62.81305193901062,65.1458146572113,67.09061408042908,73.70193719863892,62.64350581169128,63.41843390464783,64.10858798027039,63.41244959831238,66.73357033729553,69.75249719619751,73.4765396118164,64.43371796607971,64.22328162193298,64.5424268245697,63.25985813140869,61.15648126602173,58.94938278198242,49.52757406234741,41.183913707733154,40.61041808128357
CricketZ,0.6333333333333333,0.6717171717171717,0.6666666666666666,0.6767676767676768,0.6313131313131313,0.6641414141414141,0.6590909090909091,0.6313131313131313,0.6515151515151515,0.6919191919191919,0.6363636363636364,0.6717171717171717,0.6717171717171717,0.6818181818181818,0.6641414141414141,0.6616161616161617,0.6742424242424242,0.6363636363636364,0.6767676767676768,0.6717171717171717,0.6792929292929293,0.7070707070707071,0.6843434343434344,0.6893939393939394,0.6338383838383839,0.6717171717171717,0.6792929292929293,0.648989898989899,0.6590909090909091,0.6414141414141414,102.1209511756897,78.24575209617615,78.256756067276,78.06925964355469,78.09917950630188,78.68561148643494,80.89570212364197,63.63684964179993,63.37455034255981,62.98259902000427,63.126213788986206,63.54609155654907,67.48157000541687,73.69196438789368,63.704668045043945,63.25786113739014,63.480268239974976,63.81138253211975,64.84561729431152,70.48753118515015,74.6883008480072,63.66477489471436,64.05473160743713,63.94901514053345,64.34894490242004,63.63684916496277,57.92212915420532,46.81283211708069,41.28138732910156,40.89100432395935
DiatomSizeReduction,0.9084967320261438,0.921311475409836,0.9081967213114754,0.8819672131147541,0.9573770491803278,0.9442622950819672,0.960655737704918,0.921311475409836,0.9311475409836064,0.9672131147540984,0.918032786885246,0.9377049180327868,0.8918032786885246,0.9704918032786886,0.9278688524590164,0.9049180327868852,0.898360655737705,0.9475409836065574,0.9639344262295082,0.9508196721311476,0.9672131147540984,0.8590163934426229,0.9114754098360656,0.9278688524590164,0.9114754098360656,0.9278688524590164,0.9147540983606556,0.9442622950819672,0.9573770491803278,0.9672131147540984,68.8519058227539,65.71329736709595,65.32932305335999,65.74920129776001,66.55105638504028,65.96961188316345,66.41442322731018,49.58940935134888,49.87963223457336,50.41420388221741,50.43514728546143,50.87596869468689,50.97071576118469,50.962735652923584,50.51194167137146,50.41520118713379,50.76327133178711,50.26759648323059,51.056485414505005,51.1711802482605,51.11333441734314,50.69345736503601,51.19810652732849,50.932817459106445,50.804160833358765,50.56180906295776,50.45609140396118,49.542534589767456,32.00021839141846,31.71350359916687
DistalPhalanxOutlineAgeGroup,0.7122302158273381,0.7841726618705036,0.841726618705036,0.8129496402877698,0.762589928057554,0.8345323741007195,0.8057553956834532,0.7841726618705036,0.7985611510791367,0.8345323741007195,0.7913669064748201,0.8489208633093526,0.8201438848920863,0.7841726618705036,0.8057553956834532,0.8273381294964028,0.8273381294964028,0.7841726618705036,0.8201438848920863,0.7913669064748201,0.7697841726618705,0.8129496402877698,0.8201438848920863,0.7841726618705036,0.841726618705036,0.8057553956834532,0.8345323741007195,0.7985611510791367,0.7482014388489209,0.762589928057554,34.750086307525635,34.21551489830017,34.35913276672363,34.50075101852417,34.49875593185425,35.51902914047241,38.76136016845703,15.390848636627195,15.04277801513672,15.130545377731323,15.100624084472656,15.931402683258057,16.00819754600525,16.972618341445923,14.883204698562622,14.789456129074097,14.904148817062378,15.043776035308838,15.61724305152893,16.881860971450806,16.54875111579895,14.969972848892212,15.098628759384155,15.258202075958252,15.281140804290771,14.70368480682373,13.421114921569824,11.548122882843018,9.510569334030151,9.365743398666382
DistalPhalanxOutlineCorrect,0.7463768115942029,0.7789855072463768,0.7971014492753623,0.8152173913043478,0.7753623188405797,0.6956521739130435,0.7644927536231884,0.8007246376811594,0.8007246376811594,0.8405797101449275,0.8079710144927537,0.8043478260869565,0.7753623188405797,0.7717391304347826,0.8043478260869565,0.8007246376811594,0.7355072463768116,0.8043478260869565,0.7717391304347826,0.7898550724637681,0.7681159420289855,0.7862318840579711,0.8043478260869565,0.822463768115942,0.8260869565217391,0.7753623188405797,0.8188405797101449,0.8152173913043478,0.782608695652174,0.8260869565217391,35.883052110672,36.32487607002258,35.24775505065918,36.22913146018982,37.56555795669556,38.451189041137695,39.58017182350159,16.89682126045227,16.85094428062439,16.854933977127075,16.61956214904785,18.21529459953308,18.037771940231323,17.94202709197998,16.955411672592163,16.59861946105957,16.82800531387329,17.748544454574585,17.43338680267334,17.33564829826355,17.540102243423462,17.08831024169922,16.738245010375977,16.91876220703125,16.938708543777466,15.53745460510254,15.314053058624268,14.714656352996826,10.242612600326538,10.224690198898315
DistalPhalanxTW,0.6115107913669064,0.7410071942446043,0.7410071942446043,0.6762589928057554,0.6187050359712231,0.7410071942446043,0.7482014388489209,0.7194244604316546,0.6690647482014388,0.6690647482014388,0.7338129496402878,0.7338129496402878,0.7338129496402878,0.7338129496402878,0.7410071942446043,0.7553956834532374,0.7410071942446043,0.7410071942446043,0.7050359712230215,0.7338129496402878,0.7553956834532374,0.7194244604316546,0.6618705035971223,0.697841726618705,0.7338129496402878,0.7194244604316546,0.7122302158273381,0.7122302158273381,0.7553956834532374,0.697841726618705,40.75901961326599,37.72512984275818,37.254390001297,38.62173414230347,39.19420409202576,39.32884430885315,42.62403225898743,19.790085077285767,19.94566893577576,19.25152587890625,19.060038566589355,19.485899686813354,20.490213632583615,21.445658922195435,19.37320065498352,18.99122142791748,19.064028024673465,19.21262907981873,20.154111862182617,20.827311754226685,20.80836319923401,19.25152540206909,18.85059666633606,18.614230155944824,18.554388523101807,18.28610730171204,17.0294668674469,15.082670450210571,10.95371150970459,10.877883434295654
Earthquakes,0.7482014388489209,0.7985611510791367,0.7769784172661871,0.7769784172661871,0.7841726618705036,0.8057553956834532,0.7985611510791367,0.7985611510791367,0.8201438848920863,0.7841726618705036,0.7913669064748201,0.7697841726618705,0.7769784172661871,0.7913669064748201,0.7985611510791367,0.7697841726618705,0.7769784172661871,0.7985611510791367,0.8057553956834532,0.7985611510791367,0.7985611510791367,0.7841726618705036,0.7841726618705036,0.7769784172661871,0.7913669064748201,0.8057553956834532,0.7769784172661871,0.8057553956834532,0.7985611510791367,0.7841726618705036,148.38724613189697,144.45874738693237,145.81412291526794,146.35068798065186,145.49896693229675,148.04017210006714,151.9826316833496,127.83918595314026,126.93460536003111,127.0433144569397,127.58287191390993,127.0143904685974,129.15466856956482,132.60843443870544,126.3631329536438,127.56092977523804,127.69257807731628,127.74942588806152,129.15167760849,130.0851812362671,136.61871194839478,129.3331916332245,129.56158113479614,129.70220470428467,128.1304075717926,126.9236342906952,125.08554935455322,116.34890747070312,76.46043467521667,76.74756598472595
ECG200,0.88,0.88,0.92,0.9,0.87,0.86,0.87,0.89,0.86,0.87,0.83,0.93,0.84,0.82,0.84,0.91,0.86,0.91,0.93,0.85,0.76,0.89,0.88,0.86,0.93,0.87,0.78,0.9,0.93,0.88,30.118470430374146,30.10450768470764,30.95523190498352,29.38842272758484,30.98515224456787,29.735493898391724,30.034693717956543,11.172128200531006,11.179110288619995,10.97964334487915,11.246927738189695,10.971664190292358,11.635889053344728,11.631898403167725,11.175119876861572,11.245930910110474,11.1701340675354,11.251914501190186,11.021530151367188,11.47332239151001,11.79246997833252,11.427445411682127,11.206037759780884,11.226980924606323,11.37458610534668,11.29779052734375,10.633567571640016,10.58070945739746,7.871572494506836,7.827817440032959
ECG5000,0.94,0.942,0.9375555555555556,0.9406666666666668,0.9424444444444444,0.9388888888888888,0.9444444444444444,0.9344444444444444,0.9444444444444444,0.9368888888888888,0.9468888888888888,0.934,0.9391111111111112,0.9348888888888888,0.9408888888888888,0.9437777777777778,0.9426666666666668,0.9431111111111112,0.9402222222222222,0.9446666666666668,0.9406666666666668,0.9306666666666666,0.9415555555555556,0.9426666666666668,0.94,0.9426666666666668,0.942,0.9384444444444444,0.9466666666666668,0.9373333333333334,138.45978903770447,137.7267484664917,137.45148468017578,136.49005460739136,138.1296730041504,136.86305809020996,137.20514392852783,115.38947367668152,114.54174065589903,113.91042852401732,113.8246567249298,114.15577006340028,116.12650108337402,118.13413548469543,115.70961904525755,114.31235361099245,114.97358846664427,113.59527158737184,115.38947415351868,119.99515962600708,121.08225297927856,115.88813996315002,115.416401386261,114.75517058372498,114.48389434814452,115.730562210083,112.490225315094,109.17409229278564,55.90252947807312,55.17347741127014
ECGFiveDays,0.9117305458768872,0.9081395348837208,0.9511627906976744,0.9174418604651164,0.9593023255813954,0.8209302325581396,0.9197674418604652,0.8523255813953489,0.8941860465116279,0.8639534883720931,0.936046511627907,0.9127906976744186,0.6976744186046512,0.8767441860465116,0.9302325581395348,0.905813953488372,0.9302325581395348,0.913953488372093,0.9255813953488372,0.8930232558139535,0.9093023255813952,0.858139534883721,0.8325581395348837,0.933720930232558,0.8941860465116279,0.9081395348837208,0.9186046511627908,0.8837209302325582,0.927906976744186,0.9255813953488372,47.61767959594727,40.25935482978821,40.66626739501953,40.52664136886597,41.82915830612183,41.214799880981445,42.28294396400452,25.604538917541504,25.62448620796204,25.0829336643219,25.384126901626587,25.81497621536255,26.408390283584595,28.552656412124637,25.69529628753662,25.435989141464237,25.886784315109253,26.25679397583008,26.298682689666748,26.66869306564331,28.94261384010315,25.827942371368408,26.02740812301636,26.03538727760315,25.844895601272583,25.25247931480408,24.50049066543579,21.9423303604126,17.879194259643555,17.562042713165283
ElectricDevices,0.6594475424717935,0.7604409857328145,0.7600518806744487,0.7583657587548638,0.7542153047989624,0.761219195849546,0.7617380025940337,0.7665369649805448,0.7623865110246433,0.7540856031128405,0.7647211413748378,0.757976653696498,0.7706874189364462,0.7610894941634241,0.7618677042801556,0.7590142671854734,0.7577172503242542,0.7592736705577172,0.7481193255512322,0.7526588845654993,0.7614785992217898,0.759662775616083,0.7586251621271076,0.7559014267185473,0.7587548638132295,0.7517509727626459,0.7636835278858625,0.7584954604409857,0.7560311284046692,0.7605706874189364,371.69018387794495,330.0884168148041,326.786230802536,331.6532332897186,349.363876581192,347.5257935523987,349.3529076576233,321.56021904945374,317.56589794158936,311.56394624710083,293.3646082878113,295.82901763916016,330.195130109787,324.9671082496643,314.93992137908936,310.5975296497345,314.356481552124,326.6506071090698,328.39394783973694,319.8009226322174,321.6928644180298,317.9010031223297,313.62244296073914,322.6483108997345,314.23480439186096,307.9905018806457,294.70901370048523,290.7476053237915,131.15731501579285,128.36577987670898
FaceAll,0.8810650887573964,0.8863232682060391,0.9224393132030788,0.9005328596802842,0.920663114268798,0.9265837773830669,0.9034931912374186,0.9200710479573712,0.8928359976317347,0.8981645944345766,0.920663114268798,0.9105979869745412,0.920663114268798,0.9212551805802248,0.9188869153345176,0.920663114268798,0.9100059206631144,0.8975725281231498,0.905861456483126,0.8898756660746003,0.9390171699230314,0.896388395500296,0.8975725281231498,0.8975725281231498,0.9182948490230906,0.896388395500296,0.9307282415630552,0.905861456483126,0.9117821195973947,0.9076376554174068,73.83857083320618,83.03598046302795,82.75373363494873,83.57154679298401,84.8940110206604,93.59973382949828,81.75241017341614,73.5643048286438,63.9769389629364,63.68272686004639,67.20032072067261,67.80869388580322,68.79306411743164,71.71624708175659,66.37253403663635,65.96362733840942,66.66176104545593,66.3605649471283,69.95694994926453,71.6933069229126,73.14442873001099,67.57332348823547,67.8286406993866,67.56335139274597,67.35091829299927,66.48922300338745,64.47560524940491,58.1156120300293,35.25174570083618,34.551615953445435
FaceFour,0.9090909090909092,0.9204545454545454,0.9318181818181818,0.8522727272727273,0.8863636363636364,0.8977272727272727,0.8863636363636364,0.9431818181818182,0.8295454545454546,0.9090909090909092,0.9431818181818182,0.9204545454545454,0.9090909090909092,0.8863636363636364,0.8295454545454546,0.9090909090909092,0.9886363636363636,0.9090909090909092,0.8863636363636364,0.9318181818181818,0.9204545454545454,0.8636363636363636,0.8863636363636364,0.875,0.8068181818181818,0.9318181818181818,0.875,0.9090909090909092,0.8977272727272727,0.8863636363636364,56.83104658126831,56.325398206710815,56.64256358146668,56.69042253494263,56.18676900863648,55.996277809143066,58.39187383651733,37.62240672111511,37.11476373672485,36.76370167732239,37.04993653297424,36.702863693237305,37.98942494392395,38.43024611473084,37.54361629486084,37.84880089759827,37.82985162734985,37.90564799308777,38.60079002380371,37.91063499450684,38.06422400474548,37.74208569526672,37.72413444519043,37.78896069526672,38.02034187316895,37.73310947418213,37.5326464176178,36.58717346191406,26.772263050079346,26.55190086364746
FacesUCR,0.8214634146341463,0.8249634324719649,0.8147245246221355,0.8293515358361775,0.8391028766455387,0.8464163822525598,0.8425158459288152,0.8361774744027304,0.7420770355923939,0.7961969770843491,0.8537298878595807,0.7674305216967333,0.7864456362749878,0.8366650414431984,0.8376401755241346,0.6928327645051194,0.8469039492930278,0.8381277425646027,0.8293515358361775,0.8483666504144319,0.8444661140906875,0.8361774744027304,0.8512920526572404,0.8488542174549001,0.8664066309117504,0.8288639687957094,0.8425158459288152,0.8537298878595807,0.8210628961482204,0.8342272062408581,76.16734480857849,74.3372073173523,73.56829452514648,75.06429243087769,78.35250306129456,77.24845361709595,79.74079036712646,56.42513203620911,56.042155742645264,55.76689100265503,57.21501803398132,58.068737506866455,61.67309880256653,61.93938827514648,57.75457620620728,57.63190484046936,57.34566926956177,56.69241571426392,60.21001124382019,59.529829263687134,60.66280198097229,56.85498261451721,56.58869409561157,56.758241176605225,56.94773459434509,55.29614996910095,53.39722776412964,52.2712390422821,30.418697118759155,29.97089433670044
FiftyWords,0.7252747252747253,0.6652267818574514,0.6976241900647948,0.7062634989200864,0.6457883369330454,0.7192224622030238,0.6652267818574514,0.6781857451403888,0.6846652267818575,0.712742980561555,0.6241900647948164,0.6587473002159827,0.6846652267818575,0.5788336933045356,0.5788336933045356,0.7062634989200864,0.7105831533477321,0.6997840172786177,0.7408207343412527,0.7062634989200864,0.6544276457883369,0.7041036717062635,0.6846652267818575,0.6263498920086393,0.6695464362850972,0.714902807775378,0.693304535637149,0.7257019438444925,0.693304535637149,0.7062634989200864,205.9064519405365,209.15775847435,209.23654675483704,213.2647774219513,232.94615292549133,236.3101582527161,237.17185521125796,198.1890861988068,196.46569538116452,197.95271801948547,200.22863364219663,202.43573141098025,199.4247834682465,200.62457394599917,197.5478012561798,196.6123011112213,195.81443572044373,212.0619933605194,197.36828112602237,197.1089744567871,196.5065848827362,199.35696387290955,198.81740474700928,199.84665417671204,192.4853367805481,188.77625346183777,186.67786407470703,188.30451369285583,90.36438512802124,90.02928400039673
Fish,0.7142857142857143,0.7428571428571429,0.6971428571428572,0.7257142857142858,0.72,0.6857142857142857,0.7657142857142857,0.7657142857142857,0.6857142857142857,0.7714285714285715,0.7142857142857143,0.7428571428571429,0.7028571428571428,0.7942857142857143,0.7371428571428571,0.7428571428571429,0.72,0.7142857142857143,0.7257142857142858,0.7085714285714285,0.7485714285714286,0.7142857142857143,0.7085714285714285,0.7657142857142857,0.6742857142857143,0.72,0.72,0.7428571428571429,0.7485714285714286,0.7085714285714285,104.83070659637453,89.03593754768372,89.25036382675171,90.37036895751952,90.4142496585846,91.44549441337584,90.0512228012085,75.25578308105469,75.20591616630554,75.07825708389282,75.03237915039062,75.10917544364929,76.34287619590759,83.14967703819275,76.81361699104309,75.99181461334229,76.3568389415741,76.24713325500488,75.8791151046753,78.08022999763489,83.66828966140747,76.69293928146362,76.74879026412964,76.82758069038391,76.697927236557,76.66102623939514,74.5556538105011,66.19762301445007,54.309192180633545,54.04917931556702
FordA,0.6060606060606061,0.675,0.693939393939394,0.6962121212121212,0.6984848484848485,0.7227272727272728,0.6765151515151515,0.6234848484848485,0.6863636363636364,0.6530303030303031,0.5734848484848485,0.65,0.6166666666666667,0.7015151515151515,0.6909090909090909,0.6553030303030303,0.6310606060606061,0.6696969696969697,0.681060606060606,0.6484848484848484,0.7143939393939394,0.6462121212121212,0.6575757575757576,0.693939393939394,0.634090909090909,0.6878787878787879,0.6734848484848485,0.6507575757575758,0.6393939393939394,0.6977272727272728,596.3714051246643,594.9213120937347,596.8212332725525,598.5974831581116,596.1260931491852,642.0722415447235,663.4929661750793,577.5447731018066,574.036155462265,571.0710813999176,572.1661539077759,618.217024564743,598.6234118938446,598.3082554340363,575.9360744953156,571.349338054657,582.0876266956329,597.0496213436127,601.9255845546722,587.7315359115601,597.0665764808655,573.3420107364655,568.6974284648895,598.3760757446289,591.6011898517609,557.5302879810333,549.4429111480713,521.6492254734039,294.57537055015564,292.30811834335327
FordB,0.5049382716049383,0.5839506172839506,0.7024691358024692,0.5876543209876544,0.5679012345679012,0.5185185185185185,0.6209876543209877,0.5530864197530864,0.5481481481481482,0.5604938271604938,0.5432098765432098,0.5395061728395062,0.519753086419753,0.5135802469135803,0.5802469135802469,0.6839506172839506,0.5876543209876544,0.6012345679012345,0.5123456790123457,0.5271604938271605,0.5765432098765432,0.5679012345679012,0.5876543209876544,0.5617283950617284,0.5777777777777777,0.5271604938271605,0.5777777777777777,0.5370370370370371,0.5493827160493827,0.5901234567901235,560.0335938930511,555.1815662384033,558.7460370063782,570.5185589790344,612.0535054206848,609.3487360477448,605.1589386463165,547.6297595500946,546.2753808498383,548.8714380264282,571.153861284256,542.435647726059,545.8415415287018,557.5512311458588,547.6985764503479,550.1759517192841,554.0625596046448,541.1171722412109,545.4725279808044,550.273690700531,573.9773132801056,548.625097990036,543.2145655155182,540.8728260993958,529.8423190116882,514.9132359027863,512.9205641746521,484.8476250171661,260.8994128704071,260.68102645874023
GunPoint,0.9733333333333334,0.82,0.9066666666666666,0.96,0.9666666666666668,0.9266666666666666,0.9666666666666668,0.9,0.9466666666666668,0.8933333333333333,0.9866666666666668,0.94,0.92,0.9733333333333334,0.9466666666666668,0.9533333333333334,0.8466666666666667,0.9266666666666666,0.94,0.9666666666666668,0.9533333333333334,0.8933333333333333,0.98,0.9666666666666668,0.9266666666666666,0.94,0.9666666666666668,0.9666666666666668,0.9666666666666668,0.92,37.28530597686768,31.90768551826477,31.85682225227356,32.72749352455139,31.887739658355716,31.784016132354736,32.58487510681152,16.932725191116333,17.096287965774536,17.118228912353516,17.001541137695312,17.029468536376953,16.860917806625366,18.250202894210812,17.076340913772583,16.794095039367676,17.016501426696777,17.126208543777466,16.835984230041504,16.672422170639038,18.2761332988739,16.924746990203857,17.061381340026855,17.0653715133667,17.102271795272827,16.911782026290894,16.95267105102539,14.953018188476562,13.32636833190918,13.273174047470093
Ham,0.7047619047619048,0.8476190476190476,0.7619047619047619,0.7904761904761904,0.7523809523809524,0.780952380952381,0.8476190476190476,0.7714285714285715,0.7904761904761904,0.8,0.7238095238095238,0.8,0.7904761904761904,0.780952380952381,0.8476190476190476,0.8285714285714286,0.8285714285714286,0.8380952380952381,0.7047619047619048,0.780952380952381,0.7523809523809524,0.7714285714285715,0.8380952380952381,0.819047619047619,0.8285714285714286,0.7904761904761904,0.8,0.8095238095238095,0.8571428571428571,0.8285714285714286,76.02273154258728,76.11947417259216,75.70558047294617,75.73749494552612,75.91003251075745,76.37578821182251,75.90803790092468,57.52319526672363,57.51023054122925,57.34267854690552,57.27884817123413,57.33769154548645,57.616944551467896,58.16847109794617,57.31375551223755,57.35564422607422,57.49626779556274,57.49427390098572,57.65883207321167,58.23529219627381,58.693068504333496,57.88123846054077,57.86727499961853,57.84932351112366,57.92212915420532,57.82638430595398,57.442410945892334,56.72532773017883,40.07886004447937,40.13905215263367
HandOutlines,0.8486486486486486,0.8783783783783784,0.7837837837837838,0.8405405405405405,0.8486486486486486,0.8513513513513513,0.8540540540540541,0.8837837837837837,0.8378378378378378,0.8864864864864865,0.8594594594594595,0.8540540540540541,0.8486486486486486,0.8837837837837837,0.8891891891891892,0.8540540540540541,0.8837837837837837,0.8513513513513513,0.8702702702702703,0.7081081081081081,0.8756756756756757,0.8351351351351352,0.8432432432432433,0.8837837837837837,0.8810810810810811,0.7081081081081081,0.8243243243243243,0.8540540540540541,0.8864864864864865,0.8756756756756757,3367.521991968155,3367.130042552948,3376.9208641052246,3384.343018770218,3422.0262627601624,3444.500170946121,3450.994808673858,3373.7393703460693,3371.042580604553,3377.4364850521088,3385.4191422462463,3398.0274300575256,3453.3355474472046,3462.7423961162567,3401.3206248283386,3403.434970378876,3401.3036692142487,3389.104287624359,3411.508383512497,3507.402983188629,3512.905270814896,3422.0202779769897,3415.482758283615,3412.0110397338867,3407.638731718064,3380.0873968601227,3260.296690225601,3244.250596523285,1937.1821162700653,1935.8478944301603
Haptics,0.4285714285714285,0.401294498381877,0.4142394822006472,0.3948220064724919,0.401294498381877,0.3883495145631068,0.4401294498381877,0.4239482200647249,0.4368932038834951,0.401294498381877,0.4077669902912621,0.4466019417475728,0.3236245954692556,0.3656957928802589,0.4368932038834951,0.4174757281553398,0.4336569579288026,0.4336569579288026,0.4271844660194174,0.4336569579288026,0.4692556634304207,0.4142394822006472,0.3818770226537217,0.3980582524271844,0.4207119741100323,0.401294498381877,0.4174757281553398,0.4239482200647249,0.4174757281553398,0.4077669902912621,306.9991235733032,297.46165323257446,297.2103235721588,296.98193550109863,297.1435036659241,297.878538608551,301.88582396507263,277.5748269557953,277.1549496650696,277.070175409317,279.19150400161743,278.6469626426697,281.1742031574249,281.026597738266,279.57547760009766,279.5445601940155,279.70213866233826,281.11536026000977,280.5179569721222,288.0059356689453,287.33273434638977,279.8936264514923,279.590437412262,279.7869119644165,279.2892429828644,278.92022943496704,272.3607668876648,271.73544001579285,182.16140842437744,181.67669796943665
Herring,0.578125,0.5625,0.53125,0.625,0.609375,0.578125,0.578125,0.609375,0.5625,0.578125,0.59375,0.484375,0.59375,0.609375,0.484375,0.609375,0.5625,0.40625,0.5625,0.625,0.53125,0.546875,0.546875,0.5625,0.546875,0.546875,0.546875,0.59375,0.40625,0.59375,80.76006531715393,79.4535584449768,80.2125301361084,79.16732621192932,79.89437913894653,81.04629969596863,80.54065275192261,62.13785672187805,62.180742263793945,61.74191498756409,61.800758600234985,61.60727548599243,62.092979192733765,62.59563326835632,61.92841649055481,61.85860347747803,61.7748281955719,62.20467782020569,62.31837463378906,62.87787747383118,62.84596276283264,62.10494542121887,61.65813946723938,62.304413080215454,61.85860395431519,61.84962701797485,61.26818251609802,61.28513550758362,41.72220039367676,41.45993399620056
InlineSkate,0.3072727272727272,0.3169398907103825,0.3041894353369763,0.3096539162112932,0.2932604735883424,0.3041894353369763,0.3242258652094718,0.3278688524590163,0.2768670309653916,0.2914389799635701,0.2914389799635701,0.326047358834244,0.2950819672131147,0.3005464480874317,0.2932604735883424,0.326047358834244,0.3169398907103825,0.2950819672131147,0.2677595628415301,0.2750455373406193,0.3224043715846995,0.302367941712204,0.3114754098360656,0.2805100182149362,0.3060109289617486,0.2914389799635701,0.3096539162112932,0.3114754098360656,0.3224043715846995,0.2896174863387978,872.9229962825775,871.9904913902283,872.3415508270264,871.4359741210938,878.1460325717926,879.527337551117,880.1446895599365,1022.5956859588624,1022.4127306938173,1022.9875147342682,1031.5386691093445,1035.7791464328766,1056.621258974075,1085.9103655815125,996.9025666713716,994.9809970855712,994.2563760280608,995.0895388126372,990.21804022789,979.8545548915864,964.0076820850372,917.186287164688,915.488481283188,917.88343501091,916.1050033569336,915.5908200740814,909.62193775177,899.0640306472778,544.1031925678253,542.7401361465454
InsectWingbeatSound,0.647979797979798,0.6313131313131313,0.6222222222222222,0.6318181818181818,0.6323232323232323,0.6136363636363636,0.6333333333333333,0.6454545454545455,0.645959595959596,0.6464646464646465,0.6398989898989899,0.6343434343434343,0.6454545454545455,0.6308080808080808,0.6363636363636364,0.6242424242424243,0.652020202020202,0.6237373737373737,0.6454545454545455,0.6419191919191919,0.6267676767676768,0.6373737373737374,0.6363636363636364,0.6065656565656565,0.6207070707070707,0.6444444444444445,0.6217171717171717,0.6313131313131313,0.6323232323232323,0.6282828282828283,143.89966559410095,143.20830273628235,147.34250903129578,147.23180532455444,152.5234489440918,162.0852644443512,162.96466445922852,132.0249536037445,131.90028715133667,127.77206659317017,131.8102684020996,137.22163605690002,135.75676774978638,136.66280889511108,133.0626666545868,132.62954473495483,134.19949984550476,136.6541018486023,136.79872488975525,135.52378368377686,136.08892369270325,127.4447946548462,126.82922863960266,128.84130692481995,129.9079315662384,124.77573156356812,121.74634528160097,120.67073154449464,68.21745729446411,67.42346405982971
ItalyPowerDemand,0.9455782312925172,0.95821185617104,0.9319727891156464,0.9620991253644317,0.9552964042759962,0.9552964042759962,0.9718172983479106,0.9504373177842566,0.9514091350826044,0.9640427599611272,0.956268221574344,0.966958211856171,0.966958211856171,0.9436345966958212,0.9504373177842566,0.9659863945578232,0.9611273080660836,0.9533527696793004,0.956268221574344,0.9387755102040816,0.9523809523809524,0.9465500485908648,0.93488824101069,0.9426627793974732,0.9484936831875608,0.9620991253644317,0.9426627793974732,0.956268221574344,0.9446064139941692,0.9504373177842566,24.74441075325012,24.686728477478027,24.88060235977173,25.539909601211548,25.5162410736084,25.575714826583862,25.576170682907104,4.399565696716309,4.411157369613648,4.543318510055542,4.360750913619995,4.346835136413574,4.280493259429932,4.558328151702881,4.628782272338867,4.56412935256958,4.497865915298462,4.257253885269165,4.36750340461731,4.720658779144287,4.574810743331909,4.284624338150024,4.163741111755371,4.286894798278809,4.369189262390137,4.249385356903076,3.93272066116333,3.882846593856812,2.3813109397888184,2.304633617401123
LargeKitchenAppliances,0.5653333333333334,0.552,0.6186666666666667,0.6026666666666667,0.584,0.6026666666666667,0.6186666666666667,0.6426666666666667,0.632,0.616,0.6773333333333333,0.6426666666666667,0.6373333333333333,0.6346666666666667,0.632,0.64,0.6133333333333333,0.6506666666666666,0.6426666666666667,0.6,0.6053333333333333,0.608,0.6293333333333333,0.5973333333333334,0.6346666666666667,0.592,0.6186666666666667,0.616,0.6186666666666667,0.64,240.14240527153012,241.33170008659363,241.38235569000244,243.72707676887512,244.93821358680725,264.9259662628174,268.9347903728485,213.4934439659119,212.1337099075317,212.8920633792877,213.9390554428101,215.24603652954104,218.622056722641,224.25794005393985,217.79940247535703,217.32887530326843,217.2255871295929,218.4436616897583,222.76118421554563,241.2448801994324,235.54313850402832,206.04753732681277,206.91365098953247,207.3433740139008,206.27590942382807,205.9731206893921,183.49449729919436,180.9623363018036,116.39136815071106,115.71591544151306
Lightning2,0.8032786885245902,0.7704918032786885,0.7704918032786885,0.7213114754098361,0.7213114754098361,0.7704918032786885,0.7704918032786885,0.7540983606557377,0.7540983606557377,0.7704918032786885,0.7540983606557377,0.8032786885245902,0.7704918032786885,0.819672131147541,0.7704918032786885,0.819672131147541,0.7213114754098361,0.7868852459016393,0.7213114754098361,0.8360655737704918,0.8360655737704918,0.7868852459016393,0.7377049180327869,0.8524590163934426,0.8032786885245902,0.6721311475409836,0.7868852459016393,0.7704918032786885,0.7704918032786885,0.7377049180327869,110.52006816864014,108.03797817230225,107.92050886154176,107.9300127029419,108.42134833335876,109.5162706375122,108.66602540016174,90.93500089645386,90.8496150970459,91.12396311759947,90.36535620689392,91.53921604156494,92.61499738693236,91.2195794582367,86.47933769226074,87.16350817680359,86.1801381111145,87.21736574172974,87.93145537376404,88.0960156917572,88.51290130615234,87.03452229499817,87.18113017082214,87.40752458572388,87.42747092247009,86.36630868911743,86.13692212104797,85.70322513580322,54.63775706291199,54.60667252540589
Lightning7,0.726027397260274,0.7534246575342466,0.6575342465753424,0.7808219178082192,0.7123287671232876,0.7534246575342466,0.6712328767123288,0.6164383561643836,0.7123287671232876,0.6712328767123288,0.6164383561643836,0.7123287671232876,0.7123287671232876,0.684931506849315,0.7123287671232876,0.726027397260274,0.6986301369863014,0.7123287671232876,0.6986301369863014,0.6438356164383562,0.6712328767123288,0.7671232876712328,0.6712328767123288,0.6575342465753424,0.6438356164383562,0.7123287671232876,0.6301369863013698,0.7945205479452054,0.7123287671232876,0.5753424657534246,68.76866412162781,69.11687064170837,68.49702835083008,68.98855781555176,68.94162631034851,70.99003171920776,70.47318482398987,44.52961015701294,44.63176417350769,44.53541445732117,44.45118737220764,44.651429176330566,44.873687505722046,44.89419913291931,43.32676029205322,43.4361252784729,43.5053939819336,43.73702311515808,43.838523387908936,44.21481323242188,43.91826772689819,47.31472396850586,47.25908374786377,47.73653960227966,47.82688570022583,47.73872923851013,47.08080101013184,47.22803211212158,28.745877981185917,28.713600873947144
Mallat,0.9368869936034117,0.9411262798634812,0.927901023890785,0.9334470989761092,0.955631399317406,0.9406996587030716,0.9560580204778156,0.938566552901024,0.9598976109215016,0.940273037542662,0.9415529010238908,0.9496587030716724,0.9496587030716724,0.950085324232082,0.9321672354948806,0.9517918088737202,0.9598976109215016,0.9377133105802048,0.947952218430034,0.930887372013652,0.9351535836177476,0.955631399317406,0.9296075085324232,0.9466723549488054,0.9449658703071672,0.9406996587030716,0.962457337883959,0.9547781569965872,0.934726962457338,0.924914675767918,999.7440104484558,885.881040096283,883.8163197040558,888.5828242301941,893.3152899742126,895.8309779167175,922.0481882095336,894.490033864975,894.4617311954498,897.6674315929413,899.0225479602814,903.6832189559937,949.076581954956,993.3568513393402,902.8924181461334,902.565612077713,908.584635734558,917.824999332428,937.7636499404908,956.9463346004486,1012.8188264369963,946.8410806655884,945.1365597248076,953.6822321414948,952.9030511379242,943.5082767009736,893.1326897144318,848.5090615749359,541.5756316184998,539.4007420539856
Meat,0.9,0.9166666666666666,1.0,0.9333333333333332,0.9166666666666666,0.9666666666666668,0.8666666666666667,0.9833333333333332,0.8833333333333333,1.0,0.8833333333333333,0.95,0.9833333333333332,0.95,0.9666666666666668,0.9166666666666666,1.0,0.9833333333333332,0.9666666666666668,1.0,0.9666666666666668,0.9666666666666668,0.9,1.0,1.0,0.9666666666666668,0.95,0.95,1.0,0.9666666666666668,83.10514879226685,83.2088532447815,83.86329197883606,83.39944958686829,84.09525322914124,84.19052410125732,84.68472027778625,70.78062844276428,70.8454475402832,70.80256366729736,70.4684579372406,70.38867139816284,71.2985110282898,70.60137605667114,63.94595122337341,64.2114245891571,63.94884419441223,64.57233929634094,64.4208517074585,64.2600040435791,64.27895283699036,58.17000818252564,58.2817165851593,58.358766078948975,57.97003746032715,58.17789196968079,57.41840219497681,57.2449586391449,36.64575934410095,36.56755876541138
MedicalImages,0.6960526315789474,0.7332457293035479,0.6859395532194481,0.7030223390275953,0.6938239159001314,0.7279894875164258,0.6859395532194481,0.7069645203679369,0.668856767411301,0.6885676741130092,0.7069645203679369,0.7371879106438897,0.6741130091984231,0.6938239159001314,0.7148488830486203,0.7030223390275953,0.7227332457293035,0.6964520367936925,0.6793692509855453,0.7003942181340341,0.6780551905387647,0.6898817345597897,0.7135348226018396,0.7069645203679369,0.6911957950065704,0.6701708278580815,0.6859395532194481,0.7293035479632063,0.6872536136662286,0.6754270696452037,76.57005548477173,75.46471667289734,75.82198977470398,78.41567897796631,85.49635481834412,86.18182063102722,87.51508641242981,62.01550841331482,61.76621794700623,61.44169545173645,65.11522316932678,62.55881953239441,62.30000615119934,63.73324751853943,47.332234144210815,48.2747962474823,47.95451498031616,46.50096487998962,44.32861518859863,44.1645884513855,45.05009746551514,43.8891384601593,42.85045599937439,45.00971555709839,43.64747333526611,41.68824982643128,41.42987322807312,39.14513063430786,20.64664602279663,20.417277097702023
MiddlePhalanxOutlineAgeGroup,0.577922077922078,0.7142857142857143,0.7792207792207793,0.7272727272727273,0.7337662337662337,0.7337662337662337,0.7597402597402597,0.7272727272727273,0.7402597402597403,0.6883116883116883,0.7077922077922078,0.7662337662337663,0.7532467532467533,0.7727272727272727,0.7597402597402597,0.7337662337662337,0.7337662337662337,0.6558441558441559,0.7662337662337663,0.6818181818181818,0.6948051948051948,0.7402597402597403,0.7467532467532467,0.7727272727272727,0.6818181818181818,0.6818181818181818,0.7987012987012987,0.7012987012987013,0.7597402597402597,0.7337662337662337,36.3047513961792,33.16754651069641,33.05588173866272,33.23923969268799,33.60203456878662,32.92714834213257,33.700159549713135,14.471555948257446,14.295374393463137,14.597424507141112,14.246634006500244,14.303651809692385,15.686352968215942,16.396970987319946,14.399850606918337,14.299872875213625,14.316901445388794,14.46440839767456,14.759990453720093,15.993087768554688,15.638853549957275,14.42846941947937,14.3822340965271,14.54789686203003,14.441176176071169,14.20445680618286,12.674542903900146,11.576555728912354,9.039960861206056,9.0160493850708
MiddlePhalanxOutlineCorrect,0.7869415807560137,0.8109965635738832,0.7422680412371134,0.7594501718213058,0.8041237113402062,0.7697594501718213,0.7972508591065293,0.7560137457044673,0.8075601374570447,0.8041237113402062,0.8213058419243986,0.7457044673539519,0.8006872852233677,0.7079037800687286,0.8144329896907216,0.8316151202749141,0.7766323024054983,0.7422680412371134,0.7560137457044673,0.8006872852233677,0.7800687285223368,0.8075601374570447,0.7628865979381443,0.7697594501718213,0.7869415807560137,0.7491408934707904,0.8487972508591065,0.8075601374570447,0.7972508591065293,0.8075601374570447,38.02962779998779,36.304656744003296,36.15267848968506,36.63919305801392,38.448909282684326,41.037179470062256,38.137317180633545,17.502652168273926,17.774319648742676,17.68636441230774,17.89161968231201,17.603764533996582,18.78862762451172,18.938616514205933,17.359389543533325,17.248323678970337,17.1051242351532,17.432778358459473,17.733498096466064,18.111942529678345,18.61016297340393,17.04603862762451,17.37752938270569,17.226261854171753,16.615328550338745,16.08941888809204,15.546963691711426,13.65300154685974,9.827481031417848,9.680975198745728
MiddlePhalanxTW,0.4935064935064935,0.5424836601307189,0.5490196078431373,0.5294117647058824,0.5816993464052288,0.5751633986928104,0.5294117647058824,0.5751633986928104,0.5424836601307189,0.4967320261437908,0.5751633986928104,0.5947712418300654,0.5490196078431373,0.5359477124183006,0.5163398692810458,0.5424836601307189,0.5686274509803921,0.5686274509803921,0.5555555555555556,0.5816993464052288,0.5490196078431373,0.5163398692810458,0.6078431372549019,0.6013071895424836,0.6209150326797386,0.5751633986928104,0.5555555555555556,0.5882352941176471,0.5686274509803921,0.5555555555555556,38.87575125694275,36.13944864273071,36.53416848182678,37.493781328201294,36.36415767669678,41.17297983169556,41.23308062553406,17.769591808319092,17.932392120361328,17.992512702941895,17.58833622932434,18.12607145309448,18.66413307189941,19.066797971725464,17.5962176322937,17.502353191375732,17.398980140686035,16.90138554573059,18.947362184524536,18.74532651901245,18.278584003448486,17.605976581573486,17.44058871269226,17.66661787033081,17.630012035369873,16.467962980270386,14.591019630432127,14.688612461090088,10.591880083084106,10.251025438308716
MoteStrain,0.884185303514377,0.8130990415335463,0.8849840255591054,0.7811501597444089,0.8434504792332268,0.8594249201277955,0.8618210862619808,0.8761980830670927,0.8450479233226837,0.9129392971246006,0.8226837060702875,0.8889776357827476,0.8730031948881789,0.8234824281150159,0.8426517571884984,0.8538338658146964,0.8434504792332268,0.8889776357827476,0.8674121405750799,0.8666134185303515,0.8849840255591054,0.8674121405750799,0.7779552715654952,0.865814696485623,0.8570287539936102,0.853035143769968,0.8929712460063898,0.8538338658146964,0.8873801916932907,0.8833865814696485,35.55246686935425,35.30709409713745,35.594361782073975,35.198363304138184,35.02212452888489,34.90514373779297,34.80244708061218,16.79289698600769,21.263299465179443,16.545955657958984,16.989973545074463,16.795361518859863,16.885770320892334,16.938520193099976,16.817866563796997,16.793004274368286,16.501383066177368,16.264379739761353,16.99313497543335,17.307780027389526,18.043678045272827,16.441805601119995,16.7536358833313,16.57284665107727,16.47937035560608,16.40343451499939,16.07955241203308,14.302898168563845,10.093068361282349,9.939652681350708
NonInvasiveFetalECGThorax1,0.7404580152671756,0.7413265306122448,0.7474489795918368,0.7336734693877551,0.7576530612244898,0.7489795918367347,0.7392857142857143,0.7428571428571429,0.7484693877551021,0.7336734693877551,0.7321428571428571,0.7403061224489796,0.7515306122448979,0.7494897959183674,0.7331632653061224,0.7306122448979592,0.7316326530612245,0.7515306122448979,0.7525510204081632,0.7413265306122448,0.7505102040816326,0.7377551020408163,0.7459183673469387,0.7484693877551021,0.7433673469387755,0.7474489795918368,0.7397959183673469,0.7561224489795918,0.7397959183673469,0.746938775510204,1166.6561696529388,940.6617543697356,937.0223090648652,962.1678733825684,967.0736231803894,990.3734886646272,1039.0053498744965,942.0194849967957,938.0202798843384,934.1449060440063,950.9528164863586,983.8100385665894,978.4146137237548,988.5806722640992,938.1237347126008,937.611100912094,944.4899773597716,956.6450915336608,972.3482527732848,975.2045679092408,983.9193344116212,936.494172334671,936.5358004570008,943.9067103862762,951.0029284954072,926.20356965065,906.5273342132568,852.1211414337158,531.822256565094,529.2118747234344
NonInvasiveFetalECGThorax2,0.7903307888040713,0.7811224489795918,0.8020408163265306,0.7739795918367347,0.7795918367346939,0.7816326530612245,0.8096938775510204,0.7719387755102041,0.7979591836734694,0.7852040816326531,0.7857142857142857,0.7826530612244897,0.7790816326530612,0.7928571428571428,0.7877551020408163,0.7918367346938775,0.7836734693877551,0.7892857142857143,0.7989795918367347,0.7770408163265307,0.789795918367347,0.7969387755102041,0.7744897959183673,0.7872448979591836,0.786734693877551,0.7877551020408163,0.7821428571428571,0.7938775510204081,0.7841836734693878,0.8025510204081633,1223.166780948639,966.6817934513092,955.8492166996002,957.0728106498718,953.43772315979,945.8913028240204,1084.537813663483,961.90034365654,951.2953743934632,968.8651478290558,969.5777232646942,1049.872871875763,1014.3673741817474,1004.1610555648804,943.284511566162,940.285701751709,934.7166562080384,950.5828075408936,987.6767671108246,988.5662980079652,988.4905705451964,932.3640892505646,929.432184934616,943.0203166007996,951.945433139801,918.949922800064,882.4125022888184,842.0933859348297,517.5899174213409,515.579416513443
OliveOil,0.8333333333333334,0.7419354838709677,0.8064516129032258,0.9032258064516128,0.967741935483871,0.935483870967742,0.935483870967742,0.8387096774193549,0.7419354838709677,0.7419354838709677,0.8387096774193549,0.8387096774193549,0.9032258064516128,0.8709677419354839,0.8387096774193549,0.8387096774193549,0.8709677419354839,0.7096774193548387,0.935483870967742,0.9032258064516128,0.935483870967742,0.6451612903225806,0.8709677419354839,0.8709677419354839,0.9032258064516128,0.7741935483870968,0.9032258064516128,0.935483870967742,0.8387096774193549,0.7419354838709677,80.61337804794312,78.89017248153687,78.90628099441528,78.74245285987854,78.97685861587524,80.19437623023987,80.72969079017639,60.276678800582886,59.86429834365845,60.67586016654968,60.08188080787659,60.20866560935974,59.92007279396057,60.19110798835754,60.76514530181885,61.35955762863159,60.46172380447388,61.26680779457092,61.1515576839447,61.121328592300415,61.180997371673584,60.87722182273865,60.10282063484192,60.71372485160828,60.45189595222473,60.24309968948364,60.42447876930237,60.02547001838684,44.666823625564575,44.43434691429138
OSULeaf,0.5165289256198347,0.6363636363636364,0.6074380165289256,0.5578512396694215,0.5950413223140496,0.5371900826446281,0.6074380165289256,0.6322314049586777,0.5661157024793388,0.5826446280991735,0.6074380165289256,0.5702479338842975,0.628099173553719,0.6322314049586777,0.5950413223140496,0.5702479338842975,0.5867768595041323,0.6239669421487604,0.5950413223140496,0.6363636363636364,0.5867768595041323,0.6074380165289256,0.5661157024793388,0.6115702479338843,0.5454545454545454,0.6570247933884298,0.5702479338842975,0.640495867768595,0.628099173553719,0.6074380165289256,114.59943151474,107.16303157806396,107.10329461097716,107.0013074874878,107.42973852157591,106.55419325828552,108.66847205162048,87.07862281799316,87.05652356147766,86.47303104400635,86.67653894424438,86.98646903038025,87.24041247367859,88.75152444839478,87.88648462295532,87.75669765472412,87.54900169372559,87.24372720718384,87.44259643554688,87.32723808288574,91.25019788742064,87.90571403503418,87.77871823310852,87.6913275718689,88.11545324325562,88.55071687698364,87.5618200302124,81.67539739608765,54.780030488967896,54.62408971786499
PhalangesOutlinesCorrect,0.7692307692307693,0.7843822843822844,0.7634032634032634,0.6666666666666666,0.7400932400932401,0.7855477855477856,0.7435897435897436,0.7715617715617715,0.7902097902097902,0.7517482517482518,0.7564102564102564,0.7389277389277389,0.7272727272727273,0.7389277389277389,0.7505827505827506,0.7808857808857809,0.7307692307692307,0.7855477855477856,0.782051282051282,0.7599067599067599,0.7599067599067599,0.6818181818181818,0.7832167832167832,0.7727272727272727,0.796037296037296,0.747086247086247,0.7773892773892774,0.7867132867132867,0.7237762237762237,0.8123543123543123,54.40624189376831,53.64686989784241,54.420047760009766,53.61473250389099,58.53751015663147,60.15775203704834,60.120197772979736,35.13229155540466,35.01046133041382,34.71093535423279,37.68833541870117,36.02977347373962,35.72563171386719,36.049256801605225,35.02118539810181,34.409804344177246,34.99830222129822,36.4011378288269,34.73993945121765,35.1773362159729,35.916895151138306,35.73702096939087,35.21995520591736,36.07201433181763,34.89076280593872,33.69142436981201,32.72774600982666,31.849750995635983,18.011120319366455,17.64025044441223
Phoneme,0.0622362869198312,0.0779357556608741,0.0647709320695102,0.0832016850974197,0.095839915745129,0.0832016850974197,0.0810953133228014,0.0826750921537651,0.0737230121116377,0.0795155344918378,0.0784623486045287,0.1074249605055292,0.0726698262243285,0.0779357556608741,0.0584518167456556,0.0679304897314376,0.0710900473933649,0.0758293838862559,0.0700368615060558,0.0568720379146919,0.0747761979989468,0.072143233280674,0.0668773038441284,0.0726698262243285,0.0832016850974197,0.0784623486045287,0.0779357556608741,0.0742496050552922,0.0737230121116377,0.0621379673512374,1236.99716091156,1086.2372267246246,1082.7118020057678,1086.95032453537,1087.4936890602112,1180.4505281448364,1202.6441209316254,1105.8363630771637,1104.633333444595,1110.6537289619446,1130.45995759964,1148.1782219409945,1144.2126026153564,1147.723713874817,1093.2761073112488,1094.5943522453308,1100.4402198791504,1133.0144565105438,1122.5512261390686,1120.859342098236,1132.997565984726,1097.146663427353,1095.2783951759338,1106.5253736972809,1119.521034002304,1069.8168323040009,1057.000783443451,1055.6041207313538,641.9064407348633,639.855474948883
Plane,0.9714285714285714,0.9904761904761904,1.0,0.961904761904762,0.9904761904761904,0.9809523809523808,0.961904761904762,0.961904761904762,0.9714285714285714,0.9714285714285714,0.9714285714285714,0.9714285714285714,1.0,0.9809523809523808,0.961904761904762,0.961904761904762,1.0,0.961904761904762,0.9904761904761904,0.9714285714285714,0.9809523809523808,0.9809523809523808,0.961904761904762,0.9809523809523808,0.9904761904761904,0.961904761904762,0.9904761904761904,0.9714285714285714,0.9714285714285714,0.9904761904761904,73.01279592514038,52.2597975730896,52.17819285392761,52.600030183792114,51.90468311309815,52.89681673049927,52.91073203086853,29.666181802749637,29.825008153915405,29.757638454437256,29.633872032165527,30.60615277290344,29.2087562084198,26.4368269443512,20.75111675262451,20.8125901222229,20.457257747650143,21.35968041419983,20.287628889083862,24.251591444015503,26.64166593551636,24.954996824264526,24.696897506713867,25.68414545059204,25.94826626777649,26.211315870285038,23.685181617736816,14.946578025817873,14.723055362701416,14.668177127838137
ProximalPhalanxOutlineAgeGroup,0.8341463414634146,0.8146341463414634,0.848780487804878,0.7951219512195122,0.8,0.848780487804878,0.8195121951219512,0.7902439024390244,0.824390243902439,0.8634146341463415,0.8341463414634146,0.824390243902439,0.8097560975609757,0.8585365853658536,0.8585365853658536,0.8195121951219512,0.8731707317073171,0.8292682926829268,0.8292682926829268,0.8536585365853658,0.7951219512195122,0.8390243902439024,0.8536585365853658,0.8195121951219512,0.8682926829268293,0.8341463414634146,0.8341463414634146,0.8195121951219512,0.8585365853658536,0.8097560975609757,33.735203981399536,35.45408272743225,33.65009331703186,32.87063002586365,32.74389696121216,36.34438467025757,36.207738637924194,14.446606159210203,14.6009361743927,14.30703854560852,14.509757041931152,15.358399868011476,15.610896825790403,15.62054991722107,14.568313598632812,14.598195314407349,14.536534309387209,14.50156021118164,15.385651111602783,15.113019704818726,15.073791980743408,14.84521460533142,14.690275192260742,14.691958904266356,14.83868932723999,13.202840805053713,12.475958585739136,12.452250480651855,9.21831202507019,9.14223051071167
ProximalPhalanxOutlineCorrect,0.8487972508591065,0.7457044673539519,0.7663230240549829,0.7800687285223368,0.8144329896907216,0.8281786941580757,0.7663230240549829,0.7697594501718213,0.7697594501718213,0.852233676975945,0.7972508591065293,0.852233676975945,0.8281786941580757,0.7938144329896907,0.8281786941580757,0.7285223367697594,0.7491408934707904,0.6872852233676976,0.8556701030927835,0.7628865979381443,0.8178694158075601,0.7697594501718213,0.8281786941580757,0.8144329896907216,0.7628865979381443,0.8178694158075601,0.7491408934707904,0.8350515463917526,0.7972508591065293,0.8247422680412371,36.73067784309387,36.50880575180054,35.89959788322449,36.37547826766968,36.51347231864929,38.98464155197144,36.3035261631012,17.172563552856445,16.889366626739502,16.753252029418945,16.730722665786743,16.69087314605713,17.71879506111145,18.91018486022949,16.71532678604126,16.880139350891113,16.684679985046387,16.907268524169922,17.047524213790894,19.00085711479187,18.855127811431885,17.546250343322754,17.29073452949524,17.16903066635132,17.03912091255188,16.818989276885986,15.423241138458252,13.56595778465271,10.265803813934326,10.196933507919312
ProximalPhalanxTW,0.7219512195121951,0.751219512195122,0.7609756097560976,0.7560975609756098,0.7609756097560976,0.8048780487804879,0.7560975609756098,0.8195121951219512,0.8146341463414634,0.7658536585365854,0.7902439024390244,0.7707317073170732,0.7463414634146341,0.8146341463414634,0.7414634146341463,0.8195121951219512,0.7853658536585366,0.8195121951219512,0.7951219512195122,0.8048780487804879,0.8,0.7658536585365854,0.7609756097560976,0.775609756097561,0.7951219512195122,0.7853658536585366,0.7707317073170732,0.7902439024390244,0.8097560975609757,0.775609756097561,39.63935160636902,37.06809306144714,37.09650039672852,37.66954565048218,40.02642512321472,39.958425521850586,41.45638823509216,19.00577068328857,18.734102249145508,18.27689266204834,18.68237614631653,18.61328649520874,19.54044890403748,20.23501920700073,17.738476276397705,18.517035722732544,18.39066982269287,19.055599212646484,18.88878345489502,18.508233547210693,19.61627459526062,18.75730276107788,18.398679971694943,18.25572919845581,17.718798637390137,17.451513290405273,16.835797786712646,15.22967004776001,10.20105242729187,10.157448291778564
RefrigerationDevices,0.4933333333333333,0.544,0.5493333333333333,0.528,0.544,0.5546666666666666,0.5733333333333334,0.544,0.5093333333333333,0.544,0.496,0.504,0.5413333333333333,0.552,0.5306666666666666,0.5146666666666667,0.56,0.5146666666666667,0.528,0.504,0.512,0.5466666666666666,0.4666666666666667,0.4666666666666667,0.5386666666666666,0.4666666666666667,0.6,0.544,0.4853333333333333,0.4986666666666666,186.85422563552856,186.668226480484,186.48665690422055,186.70446515083316,186.961017370224,192.46908736228943,192.65451741218567,172.61521553993225,172.632652759552,172.29307770729065,172.55049514770508,172.48079681396484,181.74784684181213,180.86549878120425,172.8507580757141,172.26927304267883,172.32104539871216,171.73950791358948,174.3147256374359,187.9074730873108,187.4391891956329,175.6855251789093,176.55624771118164,176.57285928726196,176.14830350875854,174.76423931121826,160.03025102615356,159.46453666687012,107.25703382492064,106.7010190486908
ScreenType,0.4106666666666667,0.464,0.4346666666666666,0.4346666666666666,0.4266666666666667,0.4586666666666666,0.4906666666666666,0.528,0.48,0.4346666666666666,0.4426666666666666,0.5066666666666667,0.4533333333333333,0.4533333333333333,0.472,0.4853333333333333,0.488,0.472,0.4666666666666667,0.4853333333333333,0.464,0.488,0.5013333333333333,0.496,0.4266666666666667,0.4746666666666667,0.4373333333333333,0.496,0.4773333333333333,0.4293333333333333,190.13321375846863,189.83133697509768,189.64051961898804,189.83993291854856,196.312504529953,197.40013933181763,197.77552700042725,173.8656325340271,173.86274456977844,174.51450562477112,174.90453624725342,178.206360578537,179.9989926815033,181.79571175575256,175.6360478401184,175.09254002571106,174.76147317886353,175.86596751213074,178.74795246124268,186.14012360572812,187.31884717941284,176.14274716377258,177.48961448669434,174.2932448387146,177.75137495994568,173.24021768569946,166.91711592674255,164.30541729927063,110.32654023170473,109.86515712738036
ShapeletSim,0.5222222222222223,0.4777777777777778,0.55,0.5111111111111111,0.5777777777777777,0.5833333333333334,0.55,0.4777777777777778,0.6166666666666667,0.5333333333333333,0.5111111111111111,0.5722222222222222,0.4555555555555555,0.5111111111111111,0.5277777777777778,0.5833333333333334,0.4833333333333333,0.5388888888888889,0.5277777777777778,0.5333333333333333,0.5611111111111111,0.5222222222222223,0.5277777777777778,0.5444444444444444,0.5166666666666667,0.5777777777777777,0.5611111111111111,0.4944444444444444,0.5388888888888889,0.4833333333333333,77.5051782131195,77.56579637527466,77.39837837219238,77.72879457473755,79.19813585281372,79.68953347206116,79.01575064659119,61.88754177093506,61.85864734649658,61.65640115737915,61.859211921691895,62.30957794189453,62.35027694702149,62.8789496421814,62.24206495285034,62.7069628238678,62.684327363967896,62.478973150253296,63.29015779495239,63.3392231464386,63.5204062461853,61.51071882247925,62.37686824798584,62.40650916099548,62.57557725906372,61.46545839309693,61.35181379318237,60.64643788337708,41.93506002426148,41.86190366744995
ShapesAll,0.7416666666666667,0.73,0.74,0.7016666666666667,0.7466666666666667,0.7366666666666667,0.7166666666666667,0.7383333333333333,0.7333333333333333,0.7133333333333334,0.7466666666666667,0.7283333333333334,0.7216666666666667,0.7383333333333333,0.725,0.725,0.705,0.7416666666666667,0.725,0.73,0.7233333333333334,0.745,0.7516666666666667,0.7316666666666667,0.735,0.73,0.7283333333333334,0.7016666666666667,0.7216666666666667,0.7283333333333334,228.2235014438629,229.11029958724976,228.62231588363647,232.02648782730105,231.39981985092163,253.5302860736847,245.81773710250852,212.23881483078003,212.4228708744049,211.50593662261963,213.084552526474,228.83513712883,239.32774543762207,237.5755877494812,217.2952756881714,216.11387586593628,217.11164665222168,223.48638224601743,236.13477277755737,231.81917309761047,229.62344908714292,220.5513186454773,221.16097140312195,219.82647895812988,227.2004461288452,213.846342086792,202.1834511756897,200.39575242996216,121.3503348827362,120.14581942558289
SmallKitchenAppliances,0.7173333333333334,0.712,0.704,0.6986666666666667,0.6933333333333334,0.704,0.6933333333333334,0.7013333333333334,0.6933333333333334,0.7093333333333334,0.728,0.728,0.6613333333333333,0.688,0.6853333333333333,0.6826666666666666,0.7013333333333334,0.6746666666666666,0.68,0.7013333333333334,0.664,0.688,0.6693333333333333,0.656,0.648,0.7173333333333334,0.6906666666666667,0.68,0.6853333333333333,0.7013333333333334,187.84921383857727,184.7052776813507,187.22392320632932,186.90892243385315,191.44436049461365,191.73997473716736,191.77425289154053,173.43417358398438,173.88663339614868,171.76074504852295,172.52801895141602,173.7081115245819,175.00364422798157,177.83332324028015,175.072527885437,174.36954069137573,173.5625422000885,173.5421166419983,177.10928916931152,183.5760476589203,188.0196831226349,173.97545289993286,173.32451176643372,172.65612053871155,172.81325316429138,170.47813248634338,166.33029651641846,161.07253074645996,107.70529699325562,107.56309223175047
SonyAIBORobotSurface1,0.7204658901830283,0.908485856905158,0.908485856905158,0.9367720465890182,0.9600665557404326,0.9584026622296172,0.8851913477537438,0.8885191347753744,0.9018302828618968,0.9600665557404326,0.9251247920133112,0.8801996672212978,0.8718801996672213,0.8851913477537438,0.9600665557404326,0.930116472545757,0.9101497504159732,0.951747088186356,0.8668885191347754,0.9367720465890182,0.9500831946755408,0.9417637271214644,0.9351081530782028,0.8985024958402662,0.940099833610649,0.8851913477537438,0.9051580698835274,0.9051580698835274,0.8985024958402662,0.9217970049916804,53.98005986213684,53.53150248527527,53.47068691253662,53.71878504753113,53.76923990249634,54.11353468894959,57.19642233848572,16.08472466468811,15.8229022026062,15.98541784286499,15.778922080993652,15.817365884780884,15.897878408432009,18.02899384498596,16.036646127700806,16.12851357460022,15.880532264709473,16.10223388671875,16.04808807373047,16.86274218559265,18.17207217216492,16.051483392715454,15.734610557556152,16.013771533966064,16.18574547767639,16.113898754119873,15.545477151870728,12.03563380241394,9.495220422744753,9.262204885482788
SonyAIBORobotSurface2,0.8373557187827911,0.8457502623294858,0.869884575026233,0.7985309548793285,0.8982161594963274,0.8467995802728226,0.8394543546694648,0.8908709338929696,0.8478488982161595,0.9045120671563484,0.9045120671563484,0.8541448058761805,0.8772298006295908,0.8782791185729276,0.85099685204617,0.8782791185729276,0.9097586568730324,0.9097586568730324,0.8352570828961176,0.7859391395592865,0.9223504721930744,0.8604407135362014,0.7880377754459601,0.8730325288562435,0.8132214060860441,0.8583420776495279,0.7932843651626443,0.8950682056663168,0.9097586568730324,0.8719832109129066,51.08572030067444,51.68224549293518,50.721869468688965,51.78231382369995,52.06702446937561,52.35808444023132,55.30864977836609,18.55696964263916,18.505818128585812,18.54085922241211,18.18794894218445,17.976880311965942,20.48227548599243,20.170128107070923,17.52711033821106,17.25803804397583,17.903064012527466,17.674074411392212,17.722036361694336,18.529706478118896,18.473451614379883,17.028830528259277,17.485963821411133,16.860878229141235,16.481452226638794,16.875890016555786,15.124706506729126,13.425636529922484,9.587723970413208,9.413052797317505
StarLightCurves,0.9034725594949004,0.9237493929091792,0.9129431762991744,0.9286061194754736,0.9095434677027684,0.930427391937834,0.9139145216124333,0.9186498300145702,0.9244779018941234,0.9279990286546868,0.932491500728509,0.919621175327829,0.9156143759106362,0.9312773190869356,0.9245993200582808,0.9150072850898494,0.9219281204468188,0.9287275376396308,0.917557066537154,0.9242350655658088,0.9173142302088392,0.924356483729966,0.916221466731423,0.923627974745022,0.9313987372510928,0.9255706653715396,0.925692083535697,0.9164643030597376,0.9176784847013112,0.914885866925692,3320.400590658188,3326.797781944275,3302.710229158401,3351.8288118839264,3464.274138689041,3480.8325428962708,3488.87104678154,3511.785980939865,3501.1020584106445,3553.5303621292114,3657.337949752808,3603.134493350983,3612.850441455841,3694.9496393203735,3496.367859840393,3486.628569364548,3507.125396490097,3472.9272985458374,3454.7663147449493,3448.1597940921783,3494.4426527023315,3361.855804204941,3366.555590391159,3376.7565653324127,3333.083320379257,3320.809829235077,3302.4368748664856,3219.004020214081,1835.7135319709776,1820.90740609169
Strawberry,0.9324324324324323,0.9324324324324323,0.9594594594594594,0.9432432432432432,0.954054054054054,0.9594594594594594,0.9351351351351352,0.9324324324324323,0.9432432432432432,0.9432432432432432,0.9486486486486486,0.9405405405405406,0.9486486486486486,0.9594594594594594,0.9567567567567568,0.945945945945946,0.9297297297297298,0.9432432432432432,0.945945945945946,0.9513513513513514,0.9351351351351352,0.9513513513513514,0.9648648648648648,0.9513513513513514,0.945945945945946,0.954054054054054,0.9594594594594594,0.9675675675675676,0.954054054054054,0.945945945945946,82.89510345458984,82.92700433731079,82.13063955307007,82.79678893089294,82.8132495880127,86.11998200416565,87.069491147995,64.68806290626526,64.84709143638611,64.61368942260742,64.60415387153625,64.72480869293213,67.44850325584412,69.24610328674316,63.6318838596344,63.51932430267334,63.48784017562866,63.6679744720459,63.98513197898865,69.67077112197876,69.07119703292847,64.56895852088928,64.52028298377991,64.67269802093506,64.58959770202637,64.1964156627655,57.57449626922608,56.20778679847717,38.7235119342804,38.53374719619751
SwedishLeaf,0.8512,0.8523809523809524,0.8317460317460318,0.8476190476190476,0.8523809523809524,0.834920634920635,0.8492063492063492,0.8603174603174604,0.8555555555555555,0.8682539682539683,0.8698412698412699,0.861904761904762,0.8507936507936508,0.8777777777777778,0.8238095238095238,0.8476190476190476,0.8698412698412699,0.846031746031746,0.8698412698412699,0.8222222222222222,0.8380952380952381,0.8539682539682539,0.834920634920635,0.8587301587301587,0.873015873015873,0.8650793650793651,0.873015873015873,0.8380952380952381,0.8603174603174604,0.8650793650793651,60.13290691375733,46.086761474609375,46.69626307487488,46.922457218170166,45.75042891502381,48.35068917274475,51.84237098693848,30.73818612098694,30.471741199493408,30.588793516159058,31.358534336090088,32.75685405731201,34.1575403213501,36.04147171974182,31.501583099365234,31.330097436904907,31.875519037246704,33.00518321990967,34.158844232559204,33.558900356292725,35.923709869384766,31.76779341697693,31.917149543762207,31.589294910430908,31.14177370071411,29.825241088867188,28.03744864463806,24.58967638015747,20.25817894935608,19.94181060791016
Symbols,0.8954773869346734,0.8303212851405622,0.8795180722891566,0.8383534136546185,0.8504016064257028,0.8473895582329317,0.8142570281124498,0.7680722891566265,0.8534136546184738,0.856425702811245,0.8805220883534136,0.856425702811245,0.8554216867469879,0.856425702811245,0.893574297188755,0.8242971887550201,0.8393574297188755,0.8353413654618473,0.8242971887550201,0.8604417670682731,0.8353413654618473,0.8423694779116466,0.8463855421686747,0.9096385542168676,0.8443775100401606,0.8032128514056225,0.8443775100401606,0.8383534136546185,0.8463855421686747,0.7610441767068273,135.7485339641571,121.1179859638214,121.01875948905943,120.9787781238556,121.57721590995789,122.16145324707033,123.62261390686037,107.05941033363342,106.82059216499329,106.76643872261047,107.73363995552064,107.66252088546752,109.01361918449402,116.00999855995178,107.31729388237,107.3602647781372,107.4308738708496,107.80507946014404,108.88088083267212,110.55464935302734,119.61502957344057,107.20369386672974,106.87059426307678,106.52192521095276,107.0308005809784,106.69537162780762,104.3230836391449,96.1194233894348,73.38991260528564,73.02406811714172
SyntheticControl,0.9866666666666668,0.9666666666666668,0.96,0.98,0.9566666666666668,0.9733333333333334,0.9766666666666668,0.98,0.9833333333333332,0.9666666666666668,0.9766666666666668,0.9666666666666668,0.9633333333333334,0.9833333333333332,0.9633333333333334,0.9533333333333334,0.97,0.9666666666666668,0.9733333333333334,0.9633333333333334,0.97,0.9566666666666668,0.9766666666666668,0.9833333333333332,0.9666666666666668,0.96,0.98,0.9733333333333334,0.9533333333333334,0.98,25.598276615142822,25.659465074539185,25.37759518623352,25.088712453842163,26.761303901672363,25.85492873191833,26.707550764083862,9.311941623687744,9.20430827140808,9.526273965835571,9.5025053024292,9.33663010597229,10.199827909469604,10.286615371704102,9.526839017868042,9.623460054397585,9.461252450942991,9.520814180374146,9.333959817886353,10.391542196273804,10.504931449890137,9.538282871246338,9.657633781433104,9.500595808029177,9.58877944946289,9.605397462844849,8.158851385116577,7.971798658370972,5.997939109802246,5.919033050537109
ToeSegmentation1,0.6754385964912281,0.5789473684210527,0.6359649122807017,0.5482456140350878,0.6096491228070176,0.6096491228070176,0.6271929824561403,0.6535087719298246,0.6622807017543859,0.618421052631579,0.5745614035087719,0.5833333333333334,0.5701754385964912,0.6403508771929824,0.6359649122807017,0.618421052631579,0.5482456140350878,0.5570175438596491,0.5964912280701754,0.6052631578947368,0.5175438596491229,0.5570175438596491,0.6403508771929824,0.6271929824561403,0.5307017543859649,0.6622807017543859,0.6052631578947368,0.6885964912280702,0.6228070175438597,0.5833333333333334,55.180737018585205,54.9162871837616,54.81845283508301,54.941051959991455,55.19528388977051,54.748093605041504,54.46817445755005,36.7605767250061,36.71046996116638,40.40698599815369,36.64307641983032,36.835959672927856,36.77355194091797,36.85474133491516,36.3920795917511,36.46547341346741,36.51454305648804,36.70625686645508,36.65564393997192,36.7154860496521,37.49924492835999,37.12363743782044,36.8600161075592,36.95072412490845,36.88139224052429,36.85710716247559,36.56895923614502,35.12916922569275,25.35547780990601,25.29499173164368
ToeSegmentation2,0.7230769230769231,0.7461538461538462,0.8153846153846154,0.7692307692307693,0.8153846153846154,0.7230769230769231,0.8,0.7846153846153846,0.7923076923076923,0.7384615384615385,0.823076923076923,0.7846153846153846,0.7615384615384615,0.7,0.7769230769230769,0.7769230769230769,0.7384615384615385,0.8,0.8384615384615385,0.7846153846153846,0.7692307692307693,0.8,0.7692307692307693,0.7538461538461538,0.7230769230769231,0.7923076923076923,0.7461538461538462,0.7923076923076923,0.8,0.7692307692307693,59.846760988235474,61.388988733291626,61.27618479728699,61.52780437469482,61.376784801483154,62.43416714668274,62.97674536705017,46.19016337394714,41.98830223083496,42.09698963165283,42.14894485473633,42.33757567405701,42.31600880622864,42.57765054702759,56.23786330223084,57.323288440704346,56.06058287620544,56.86955714225769,57.046895027160645,56.377992391586304,57.236297369003296,49.82999897003174,49.0070207118988,49.084728479385376,48.30344009399414,49.039267778396606,48.99569749832153,47.93742489814758,32.60795283317566,32.49559783935547
Trace,0.93,0.97,0.97,0.92,0.89,0.92,0.95,0.92,0.99,0.9,0.98,0.98,0.99,0.95,0.93,0.97,0.97,0.97,0.91,0.98,0.97,0.9,0.93,0.95,0.95,0.93,0.96,0.91,0.94,0.96,74.46257328987122,59.47172474861145,59.94132351875305,60.000194787979126,59.83303117752075,59.84897327423096,62.18479299545288,40.93058252334595,41.105074644088745,41.17239451408386,41.70940184593201,40.92146897315979,43.27595901489258,52.470059871673584,48.36658406257629,47.94149041175842,47.76993942260742,47.26058530807495,48.09512758255005,48.60647702217102,48.02131509780884,40.79234766960144,40.48087763786316,40.45493841171265,40.26544499397278,40.08781290054321,37.54178833961487,30.29914784431457,28.86966609954834,28.71020197868347
TwoLeadECG,0.6892010535557507,0.7847100175746925,0.7293497363796133,0.6898066783831283,0.781195079086116,0.648506151142355,0.804920913884007,0.7504393673110721,0.7223198594024605,0.7021089630931459,0.8075571177504394,0.851493848857645,0.6493848857644992,0.7355008787346221,0.7504393673110721,0.781195079086116,0.7662565905096661,0.7601054481546573,0.8760984182776801,0.7126537785588752,0.6625659050966608,0.7302284710017575,0.648506151142355,0.7785588752196837,0.7592267135325131,0.7398945518453427,0.7768014059753954,0.8374340949033392,0.7724077328646749,0.781195079086116,44.49488377571106,37.69675803184509,36.970919370651245,37.514808177948,37.71272420883179,38.17847990989685,39.64807319641113,19.203311920166016,18.954962015151978,19.410318613052368,19.502166032791138,20.37200665473938,21.72691512107849,22.331538438797,19.854966402053837,19.690863370895386,19.17864799499512,19.654106855392456,19.57501530647278,20.486709356307983,20.989879608154297,18.624070644378666,19.321260690689087,19.16508650779724,18.579930782318115,18.513025522232056,16.46168351173401,14.81958556175232,11.91491150856018,11.659843921661375
TwoPatterns,0.9225,0.91275,0.92125,0.922,0.92825,0.91675,0.91975,0.91075,0.927,0.9335,0.91125,0.902,0.921,0.9095,0.90825,0.90825,0.92175,0.92,0.9155,0.9205,0.916,0.918,0.929,0.93025,0.90075,0.91225,0.91875,0.9245,0.92125,0.9325,146.1302649974823,144.19204449653623,143.29243755340576,144.36383748054504,145.44480848312378,154.58082389831543,157.77871465682983,116.2176296710968,115.944748878479,116.52008152008057,122.32295441627502,123.81764650344849,118.77114796638487,123.79729866981506,118.34461569786072,119.26673865318298,119.10195422172546,118.93682861328124,116.77317404747008,122.79364919662476,122.73794651031494,120.36919403076172,118.74722456932068,118.01314806938171,117.64935994148254,116.67059516906738,112.15870904922484,106.67757821083067,54.77215528488159,53.71069955825806
UWaveGestureLibraryAll,0.9388609715242882,0.931323283082077,0.9324399776661084,0.9383026242322724,0.9413735343383584,0.941931881630374,0.9369067560022334,0.9469570072585148,0.9352317141261864,0.9413735343383584,0.9377442769402567,0.943606923506421,0.9410943606923506,0.9380234505862648,0.9469570072585148,0.9346733668341708,0.9396984924623116,0.9486320491345616,0.93606923506421,0.942211055276382,0.9394193188163036,0.9394193188163036,0.9410943606923506,0.946677833612507,0.9310441094360692,0.9399776661083192,0.9424902289223898,0.9458403126744837,0.9441652707984366,0.9369067560022334,1743.8198001384735,1526.981504201889,1520.1257503032684,1534.744933605194,1548.1676156520844,1579.0514166355133,1636.5016236305237,1528.6191928386688,1529.6650414466858,1561.56023812294,1576.9884779453278,1616.2519335746765,1627.3058235645294,1719.3143742084503,1550.101102590561,1545.2399315834043,1544.1458790302277,1532.9339609146118,1530.4684607982635,1511.3746056556702,1542.1328506469729,1380.1381285190582,1379.360942363739,1408.434771776199,1405.1291625499723,1371.3927364349363,1343.758260011673,1307.727302312851,812.7280187606812,808.4599781036377
UWaveGestureLibraryX,0.7677275265214963,0.7520938023450586,0.7585147962032384,0.7504187604690117,0.7587939698492462,0.7540480178671134,0.748464544946957,0.7501395868230039,0.7473478503629257,0.7610273590173088,0.751535455053043,0.7534896705750977,0.7599106644332775,0.7615857063093244,0.7646566164154104,0.7546063651591289,0.7529313232830821,0.7501395868230039,0.7593523171412618,0.7532104969290899,0.7593523171412618,0.7532104969290899,0.7671691792294807,0.7640982691233947,0.7526521496370743,0.7635399218313791,0.7604690117252931,0.7635399218313791,0.7551647124511446,0.7635399218313791,364.7240207195282,306.5566945075989,305.39699482917786,309.4783458709717,311.6353023052216,330.7030942440033,332.39891743659973,296.20736813545227,294.5407304763794,296.667405128479,292.8266520500183,305.42692613601685,304.0140473842621,316.72834062576294,291.816698551178,291.7051100730896,291.751074552536,292.3482656478882,305.2533452510834,304.433874130249,320.92906284332275,285.24856877326965,283.5541956424713,285.8593530654907,283.3812682628632,269.8686728477478,267.3152811527252,252.60907244682312,155.71876454353333,153.7999198436737
UWaveGestureLibraryY,0.6979341150195422,0.707426018983808,0.6898380792853155,0.7026800670016751,0.701284198771636,0.7116136236739252,0.6915131211613623,0.7029592406476829,0.7040759352317141,0.69821328866555,0.7068676716917923,0.7116136236739252,0.6954215522054717,0.6970965940815187,0.7130094919039642,0.6984924623115578,0.7099385817978783,0.6976549413735343,0.6948632049134562,0.6923506420993858,0.7085427135678392,0.6998883305415968,0.7007258514796203,0.7049134561697376,0.6968174204355109,0.7208263539921831,0.707426018983808,0.7191513121161363,0.695142378559464,0.6943048576214406,334.37095522880554,284.5203206539154,284.1165080070496,282.9902367591858,286.9151244163513,286.9463484287262,309.0309519767761,285.29430389404297,283.76254963874817,284.58371210098267,287.02401852607727,296.141548871994,297.6398746967316,309.8345191478729,278.16218996047974,276.4100441932678,279.2903871536255,281.73051595687866,293.11150217056274,295.7382667064667,305.9805850982666,285.689190864563,284.77285265922546,283.24086141586304,285.5405502319336,277.9150152206421,265.3783526420593,254.76985216140747,154.83427453041077,152.95138144493103
UWaveGestureLibraryZ,0.7138470128419877,0.7163595756560581,0.7185929648241206,0.7132886655499721,0.7194304857621441,0.7188721384701284,0.7091010608598548,0.7280848687883864,0.7099385817978783,0.7247347850362926,0.7236180904522613,0.7314349525404802,0.7252931323283082,0.7135678391959799,0.7266890005583473,0.7177554438860971,0.7194304857621441,0.7185929648241206,0.7216638749302066,0.7211055276381909,0.7244556113902848,0.7155220547180347,0.7163595756560581,0.7194304857621441,0.7116136236739252,0.7199888330541597,0.7146845337800112,0.7236180904522613,0.7144053601340034,0.7163595756560581,342.9592697620392,293.94517517089844,291.5707950592041,297.2605776786804,296.6057574748993,295.4134154319763,318.67670822143555,281.018723487854,279.23115730285645,277.0907814502716,279.4477264881134,286.73039746284485,302.0131869316101,317.1084651947021,306.6872990131378,304.9200463294983,304.6471860408783,304.7691698074341,308.41432785987854,305.6156296730041,323.55225014686584,296.73443698883057,295.1158359050751,295.7753691673279,296.7033474445343,296.17422699928284,279.1200866699219,259.8965001106262,152.6067099571228,150.94712805747986
Wafer,0.9951330304996756,0.996917585983128,0.995944192083063,0.9943218689162882,0.9965931213497728,0.9954574951330304,0.9948085658663206,0.9944841012329656,0.996917585983128,0.9917261518494483,0.9964308890330954,0.9970798182998052,0.9970798182998052,0.9915639195327708,0.9961064243997404,0.9974042829331604,0.9965931213497728,0.9965931213497728,0.994970798182998,0.9970798182998052,0.9961064243997404,0.9975665152498376,0.994646333549643,0.9975665152498376,0.996917585983128,0.9944841012329656,0.9939974042829332,0.994646333549643,0.995944192083063,0.9972420506164827,185.96110248565677,185.06723618507385,183.9472551345825,184.38367915153503,183.45990800857544,182.8824684619904,181.8616487979889,164.66878247261047,164.18208384513855,162.32228255271912,162.0183129310608,161.51839518547058,163.49905800819397,167.79334354400635,159.594717502594,157.88753461837769,155.24610900878906,156.09867429733276,153.99244570732117,155.79935884475708,162.39520120620728,158.76896739006042,157.9600019454956,156.87427067756653,156.04198122024536,156.00710439682007,154.38437390327454,149.81819415092468,78.75808429718018,77.53087592124939
Wine,0.6666666666666666,0.7962962962962963,0.7777777777777778,0.8518518518518519,0.7407407407407407,0.7962962962962963,0.8333333333333334,0.7592592592592593,0.8888888888888888,0.925925925925926,0.9074074074074074,0.8518518518518519,0.8703703703703703,0.9074074074074074,0.8333333333333334,0.8333333333333334,0.8148148148148148,0.7777777777777778,0.9629629629629628,0.7407407407407407,0.9444444444444444,0.9074074074074074,0.925925925925926,0.9444444444444444,0.9074074074074074,0.7777777777777778,0.7777777777777778,0.8888888888888888,0.9629629629629628,0.8888888888888888,44.1671953201294,44.27378821372986,44.366442918777466,43.87866044044495,44.37900924682617,43.895575284957886,44.3382568359375,26.193176746368408,26.196527004241943,26.151268243789676,25.961998224258423,26.1763653755188,25.911262035369877,25.73670196533203,26.669214725494385,26.577839851379395,26.73178195953369,27.10537004470825,26.181537628173828,26.83516788482666,27.10775327682495,25.97003149986267,26.0311222076416,25.92416524887085,26.25751495361328,25.973093509674072,26.14546203613281,25.949697256088257,18.892407417297363,18.794737339019772
WordSynonyms,0.6175548589341693,0.6724409448818898,0.6519685039370079,0.6188976377952756,0.6440944881889764,0.6267716535433071,0.6157480314960629,0.5496062992125984,0.6251968503937008,0.6346456692913386,0.631496062992126,0.5921259842519685,0.6519685039370079,0.6330708661417322,0.3889763779527559,0.5984251968503937,0.631496062992126,0.6220472440944882,0.6031496062992125,0.5811023622047244,0.662992125984252,0.6173228346456693,0.6692913385826772,0.6110236220472441,0.631496062992126,0.6267716535433071,0.5606299212598426,0.6551181102362205,0.5937007874015748,0.568503937007874,148.9395215511322,148.16970348358154,149.68728065490723,149.5031192302704,156.5747311115265,161.66525506973267,157.8304624557495,131.702716588974,128.9873833656311,130.01790642738342,130.52466344833374,139.12480807304382,140.55195832252502,138.74768996238708,131.42023754119873,129.17408847808838,132.18847680091858,129.2943503856659,137.3634226322174,136.8475284576416,137.38405990600586,130.8495056629181,130.7861397266388,133.4355127811432,135.49570035934448,123.88021397590636,122.26767659187315,121.86882424354552,67.6172354221344,67.33813619613647
Worms,0.5324675324675324,0.4078947368421052,0.5921052631578947,0.3947368421052631,0.5789473684210527,0.4736842105263157,0.6447368421052632,0.618421052631579,0.4605263157894737,0.5394736842105263,0.618421052631579,0.5526315789473685,0.5131578947368421,0.5657894736842105,0.5394736842105263,0.5131578947368421,0.6052631578947368,0.5526315789473685,0.5263157894736842,0.5,0.4342105263157895,0.5131578947368421,0.631578947368421,0.5131578947368421,0.4473684210526316,0.631578947368421,0.5657894736842105,0.3815789473684211,0.5131578947368421,0.5263157894736842,187.99735736846924,185.6273002624512,186.3835744857788,188.233243227005,188.5503594875336,189.78891491889956,189.98670482635495,166.97983860969543,167.3800654411316,167.5122582912445,166.59697794914246,170.2684464454651,170.34558200836182,171.36963367462158,174.2108085155487,175.39869093894958,177.06839895248413,176.99043917655945,179.25959086418152,180.0803520679474,181.67462182044983,189.40131855010983,188.8982388973236,188.84197163581848,188.70234608650208,184.4644570350647,182.2812511920929,182.0731489658356,111.63333344459534,110.93411087989809
WormsTwoClass,0.6883116883116883,0.6233766233766234,0.8051948051948052,0.6493506493506493,0.7272727272727273,0.5844155844155844,0.6493506493506493,0.6623376623376623,0.6233766233766234,0.5974025974025974,0.7532467532467533,0.5584415584415584,0.6233766233766234,0.7402597402597403,0.6363636363636364,0.6103896103896104,0.6103896103896104,0.6753246753246753,0.5584415584415584,0.6623376623376623,0.6493506493506493,0.6493506493506493,0.7272727272727273,0.7402597402597403,0.7012987012987013,0.6753246753246753,0.7012987012987013,0.6233766233766234,0.6623376623376623,0.6623376623376623,169.57882857322693,168.87570905685425,169.3635449409485,168.85490608215332,169.74038815498352,171.63286972045898,172.28428483009338,145.65252709388733,146.54509162902832,146.51967525482178,145.59785270690918,148.65666151046753,148.51001811027527,150.2227907180786,145.3691840171814,147.67333388328552,146.78810811042786,147.24385333061218,148.50521636009216,148.55462050437927,151.28586745262146,146.8141951560974,145.54790210723877,147.6215262413025,147.2132203578949,148.31907749176025,146.1843967437744,142.85168027877808,96.73709988594057,96.65822792053224
Yoga,0.8003333333333333,0.8306666666666667,0.808,0.8013333333333333,0.8293333333333334,0.8356666666666667,0.778,0.8276666666666667,0.8266666666666667,0.7953333333333333,0.818,0.851,0.826,0.8223333333333334,0.81,0.8236666666666667,0.8306666666666667,0.8353333333333334,0.8216666666666667,0.815,0.8423333333333334,0.8186666666666667,0.825,0.8183333333333334,0.8243333333333334,0.84,0.8476666666666667,0.8346666666666667,0.8286666666666667,0.8206666666666667,331.6306080818176,329.4245822429657,328.5266649723053,329.82697772979736,329.50547552108765,335.9105558395386,340.95404982566833,304.887178182602,304.0045917034149,302.3769669532776,308.84613966941833,312.02541041374207,329.4877164363861,329.33948254585266,311.2718379497528,310.3240270614624,309.36945056915283,311.7570571899414,311.6448390483856,316.71366930007935,318.05731105804443,313.6773657798767,313.04810786247253,311.61369729042053,310.7534251213074,309.06913471221924,296.07049536705017,291.70505237579346,170.91936826705933,170.52640795707703
